source_file,effect_id,effect_label,record_index,record_file_offset_hex,offset_in_record,absolute_file_offset_hex,nearby_text
item.dat decoded,920,개방 옵션 변환창 생성,3595,0x11e248,293,0x11e36d,손에 장비하는 짧은 발톱 | 철 클로 GDX | 쮉
item.dat decoded,935,개선된 개방 옵션 변환창 생성,3653,0x122c24,18,0x122c36,뗬퓽막 엮은 벨트 | 금장 벨트 XLS | 쮉
item.dat decoded,954,약화된 개방 옵션 변환창 생성,3725,0x1287d4,217,0x1288ad,쇠 칼라에 스파이크가 박힌 것 | 반지 LX
item.dat decoded,966,협회 전용 개방 옵션 변환창 생성,3771,0x12c268,86,0x12c2be,네 개가 한쌍인 귀걸이 | 사슬 귀걸이 LX
item.dat decoded,1020,향상된 개방 옵션 변환창 생성,3977,0x13c8bc,115,0x13c92f,사냥용으로 많이 사용하는 작은 칼 | 크리스 LX
item.dat decoded,954,약화된 개방 옵션 변환창 생성,5902,0x1d5c1a,108,0x1d5c86,적의 대지 속성 저항력을 약화 | 求 브로치 | 락 골렘 문장의 브로치 GDX
item.dat decoded,954,약화된 개방 옵션 변환창 생성,6094,0x1e509a,91,0x1e50f5,적의 대지 저항력을 약화하는 판박이형 팔 문신 | 락 | 골렘 문양의 팔 문신 GDX
item.dat decoded,954,약화된 개방 옵션 변환창 생성,6286,0x1f451a,143,0x1f45a9,岵 대지 저항력을 약화하는 판박이형 어깨 문신 | 락 골렘 문양의 어깨 문신 GDX
item.dat decoded,935,개선된 개방 옵션 변환창 생성,8978,0x2ca932,213,0x2caa07,체인으로 된 무겁지만 위력적인 슬링 | 미스릴 슬링 Ultimate
item.dat decoded,920,개방 옵션 변환창 생성,20962,0x684612,31,0x684631,천룡의 비늘. 바람의 신수이기도 한 천룡은 매끈한 모습 때문에 용이 아닌 뱀이라는 얘기도 있다 <c:CTPURPLE>※ 봉인된 힘을 개방하기 위해서<n> <c:GOLDYELLOW>휴대용 개방 도구함<n> <c:CTPURPLE>이 필요합니다.<n> | 보릿고개[Nx]
item.dat decoded,920,개방 옵션 변환창 생성,21584,0x6b5e26,217,0x6b5eff,무지막지한 무게의 전투 망치. 이 망치에 걸리면 생물체 뿐만 아니라 견고한 구조물도 한 방에 가루가 되어 버릴 듯 하다. <c:CTPURPLE>※ 봉인된 힘을 개방하기 위해서< | n> <c:GOLDYELLOW>휴대용 개방 도구함<n> <c:CTPURPLE>이 필요합니다.<n> | 물건[Nx] | 몰 GDX | 춅k | 촁
item.dat decoded,920,개방 옵션 변환창 생성,21673,0x6bcf7c,105,0x6bcfe5,천상의 매의 깃털을 모아서 만든 날개로 새하얀 깃털들이 탐스럽다. <c:CTPURPLE>※ 봉인된 힘을 개방하기 위해서<n> <c:GOLDYELLOW>휴대용 개방 도구함<n> <c:CTPURPLE>이 필요합니다.<n> | 클리어 페더[Nx] | 뼐
item.dat decoded,920,개방 옵션 변환창 생성,30261,0x9687c4,27,0x9687df,천룡의 비늘. 바람의 신수이기도 한 천룡은 매끈한 모습 때문에 용이 아닌 뱀이라는 얘기도 있다 <c:GOLDYELLOW>모험가 협회 코인 상인에게 판매하시면 모험단 코인을 돌려받을 수 있습니다.<n> <c:LTRED>파괴 불가<n> <c:LTRED>은행보관 불가<n> | 인스턴트 에이드[R] | 럷
item.dat decoded,920,개방 옵션 변환창 생성,51670,0x10106ca,46,0x10106f8,특수 | 한 마법 식이 새겨진 톱니바퀴. 영롱한 바닥 없는 상자의 홈에 장착할 수 있다. 단단하게 만들어진 톱니가 서로 맞물려 돌아가면 큰 힘을 발휘한다 ※ 영롱한 바닥 없는 상자 사용 시 원하는 접두사를 선택하여 사용할 수 있다 | 개방 옵션 변환기 | 비법서<n>
item.dat decoded,935,개선된 개방 옵션 변환창 생성,52911,0x1073320,72,0x1073368,"이브닝 드레스 벨라가 봉인된 코쿤. <c:LTRED>※ 거래불가,은행 보관 불가<n> | 개선된 개방 옵션 변환기 | 비법서<n>"
item.dat decoded,920,개방 옵션 변환창 생성,53031,0x107cbf0,184,0x107cca8,외형을 위엄 넘치는 선장의 모습으 | 로 바꿔주는 백기사 코스튬 | 개방 옵션 변환기[E] | 비법서<n> | 읽0
item.dat decoded,935,개선된 개방 옵션 변환창 생성,53036,0x107d24e,203,0x107d319,"아이템의 성능에 간섭할 수 있는 신비로운 마법의 힘이 깃든 변환 장치. | 개방된 아이템에 사용하면 아이템의 개방 옵션을 임의의 옵션으로 변환시켜줄 수 있다 <c:LTRED>※ 옵션의 개방이 1개라도 완료된 아이템만 변환할 수 있다<n> <c:LTRED>※ 개방되지 않은 옵션을 변환할 수 없다<n> <c:LTRED>※ 유물, 반지, 보조무기, Nx가 아닌 아이템은 변환할 수 없다<n> <c:LTRED>※ 부서진 아이템은 변환할 수 없다<n> <c | :LTRED>※ 해당 아이템은 거래가 불가능하다<n> | 개선된 개방 옵션 변환기[E]"
item.dat decoded,954,약화된 개방 옵션 변환창 생성,53226,0x108c442,94,0x108c4a0,"신비로운 빛이 감돌고 있는 큐브. 큐브엔 모험가들의 모험에 도움이 될 만한 아이템들이 들어 있다고 한다. 운이 좋다면 전설 등급 선택 코쿤을 얻을 수 있을 것 같다 <c:LTRED>※ 거래불가, 은행 보관 불가<n> | 모조 개방 옵션 변환기 | 변환기 | 맬0"
item.dat decoded,954,약화된 개방 옵션 변환창 생성,53252,0x108e55e,88,0x108e5b6,"협회에서 모험가를 위해 특별히 준비한 스킬 배지[2등급] 교환권. 협회의 인장이 고풍스럽게 찍혀 있다. 교환권을 사용하면 '스킬 배지[2등급]'을 얻을 수 있다 '스킬 배지[2등급]'은 15일간 지속되며, 보유 시 모든 스킬의 레벨이 5 증가한다. | 모조 개방 옵션 변환기[E] | 기[E]"
item.dat decoded,935,개선된 개방 옵션 변환창 생성,53304,0x1092796,235,0x1092881,어떤 열쇠로 여느냐에 따라 나오는 아이템이 달라지는 것 같다. 무엇을 얻게 될지 궁금하다 | 봉인된 광염의 상자 | <쑭 | 단단하 | 봉인된 마법 상자. 광염을 머금은 것처럼 아름다운 불꽃이 일렁인다. 어떤 열쇠로 여느냐에 따라 나오는 아이템이 달라지는 것 같다. 무엇을 얻게 될지 궁금하다 | 봉인된 열화의 상자 | <쑭
item.dat decoded,954,약화된 개방 옵션 변환창 생성,53394,0x1099a32,15,0x1099a41,자신감이 샘솟으며 그랑디스의 애장품인 듀얼 마법석 | 븳 4 | 18주년 아이템 박스. 파견인 델린에게서 | 일일 퀘스트를 달성하면 얻을 수 있는 기념 박스 | 불 공격의 궁극 마법석
item.dat decoded,966,협회 전용 개방 옵션 변환창 생성,54010,0x10caaa2,178,0x10cab54,협회 장비의 Nx 아이템의 연마 슬롯 개수를 변경하는데 특화된 도구함. 아이템의 연마 슬롯을 4개로 재가공한다. <c:GOLDYELLOW>모험가 협회 코인 상인에게 판매하시면 모험단 코인을 돌려받을 수 있습니다.<n> <c:RED>※ 해당 아이템은 거 | 래가 불가능하다.<n> | 개방 옵션 변환기[협회] | 비법서<n>
item.dat decoded,954,약화된 개방 옵션 변환창 생성,54029,0x10cc2d4,210,0x10cc3a6,선택한 아이 | 템에 붙은 [협회]접두사 중 하나를 선택하여 제거한다. | 모조 개방 옵션 변환기[거래불가] | 악0
item.dat decoded,935,개선된 개방 옵션 변환창 생성,58125,0x12122d4,154,0x121236e,
item.dat decoded,1020,향상된 개방 옵션 변환창 생성,58141,0x1213734,310,0x121386a,모닝스타[Sv] | 플레이트 아머[Sv] | 철판 신발[Sv] | 건틀릿[Sv] | 가속의 영약[Sv] | 신속의 영약[Sv] | 던전의 보스상자 | 던전의 보스상자 | 던전의 보스상자 | 던전의 보스상자 | 던전의 보스상자 | 던전의 보스상자
item.dat decoded,1020,향상된 개방 옵션 변환창 생성,58144,0x1213b06,4,0x1213b0a,던전의 보스상자 | 던전의 보스상자 | 던전의 보스상자 | 던전의 보스상자 | 던전의 보스상자 | 던전의 보스 | 상자 | 던전의 보스상자 | 坪活 보스상자 | 던전의 보스상자
item.dat decoded,1020,향상된 개방 옵션 변환창 생성,58146,0x1213d92,24,0x1213daa,던전의 보스상자 | 던전의 보스 | 상자 | 던전의 보스상자 | 坪活 보스상자 | 던전의 보스상자 | 던전의 보스상자 | 던전의 보스상자 | 던전의 보스상자 | 던전의 보스상자
item.dat decoded,1020,향상된 개방 옵션 변환창 생성,58148,0x121401e,44,0x121404a,坪活 보스상자 | 던전의 보스상자 | 던전의 보스상자 | 던전의 보스상자 | 던전의 보스상자 | 던전의 보스상자 | 던전의 보스상자 | 던전의 보스상자 | 던전의 보스상자 | 괛 | 던전의 보스상자
item.dat decoded,1020,향상된 개방 옵션 변환창 생성,58150,0x12142aa,64,0x12142ea,던전의 보스상자 | 던전의 보스상자 | 던전의 보스상자 | 던전의 보스상자 | 던전의 보스상자 | 괛 | 던전의 보스상자 | 던전의 보스상자 | 던전의 보스상자 | 던전의 보스상자 | 던전의 보스상자
item.dat decoded,1020,향상된 개방 옵션 변환창 생성,58152,0x1214536,84,0x121458a,던전의 보스상자 | 괛 | 던전의 보스상자 | 던전의 보스상자 | 던전의 보스상자 | 던전의 보스상자 | 던전의 보스상자 | 던전의 보스상자 | 던전의 보스상자 | 던전의 보스상자 | 던전의 보스상자
item.dat decoded,1020,향상된 개방 옵션 변환창 생성,58154,0x12147c2,104,0x121482a,던전의 보스상자 | 던전의 보스상자 | 던전의 보스상자 | 던전의 보스상자 | 던전의 보스상자 | 던전의 보스상자 | 던전의 보스상자 | 던전의 보스상자 | 던전의 보스상자 | 던전의 보스상자
item.dat decoded,1020,향상된 개방 옵션 변환창 생성,58156,0x1214a4e,124,0x1214aca,던전의 보스상자 | 던전의 보스상자 | 던전의 보스상자 | 던전의 보스상자 | 던전의 보스상자 | 던전의 보스상자 | 던전의 보스상자 | 던전의 보스상자 | 던전의 보스상자 | 던전의 보스상자
item.dat decoded,1020,향상된 개방 옵션 변환창 생성,58158,0x1214cda,144,0x1214d6a,던전의 보스상자 | 던전의 보스상자 | 던전의 보스상자 | 던전의 보스상자 | 던전의 보스상자 | 던전의 보스상자 | 던전의 보스상자 | 던전의 보스상자 | 던전의 보스상자 | 던전의 보스상자
item.dat decoded,1020,향상된 개방 옵션 변환창 생성,58160,0x1214f66,164,0x121500a,던전의 보스상자 | 던전의 보스상자 | 던전의 보스상자 | 던전의 보스상자 | 던전의 보스상자 | 던전의 보스상자 | 던전의 보스상자 | 던전의 보 | 스상자 | 던전의 보스상자
item.dat decoded,1020,향상된 개방 옵션 변환창 생성,58162,0x12151f2,184,0x12152aa,던전의 보스상자 | 던전의 보스상자 | 던전의 보스상자 | 던전의 보 | 스상자 | 던전의 보스상자 | 던전의 보스상자 | 던전의 보스상자 | 던전의 보스상자 | 던전의 보스상자
item.dat decoded,1020,향상된 개방 옵션 변환창 생성,58164,0x121547e,204,0x121554a,스상자 | 던전의 보스상자 | 던전의 보스상자 | 던전의 보스상자 | 던전의 보스상자 | 던전의 보스상자 | 던전의 보스상자 | 던전의 보스상자 | 던전의 보스상자 | 던전의 보스상자
item.dat decoded,1020,향상된 개방 옵션 변환창 생성,58166,0x121570a,224,0x12157ea,던전의 보스상자 | 던전의 보스상자 | 던전의 보스상자 | 던전의 보스상자 | 던전의 보스상자 | 던전의 보스상자 | 던전의 보스상자 | 던전의 보스상자 | 던전의 보스상자 | 낰 | 던전의 보스상자
item.dat decoded,1020,향상된 개방 옵션 변환창 생성,58168,0x1215996,244,0x1215a8a,던전의 보스상자 | 던전의 보스상자 | 던전의 보스상자 | 던전의 보스상자 | 던전의 보스상자 | 낰 | 던전의 보스상자 | 던전의 보스상자 | 던전의 보스상자 | 던전의 보스상자 | 욳 | 던전의 보스상자
item.dat decoded,1020,향상된 개방 옵션 변환창 생성,58170,0x1215c22,264,0x1215d2a,던전의 보스상자 | 낰 | 던전의 보스상자 | 던전의 보스상자 | 던전의 보스상자 | 던전의 보스상자 | 욳 | 던전의 보스상자 | 던전의 보스상자 | 던전의 보스상자 | 던전의 보스상자 | 촎
item.dat decoded,1020,향상된 개방 옵션 변환창 생성,58172,0x1215eae,284,0x1215fca,던전의 보스상자 | 욳 | 던전의 보스상자 | 던전의 보스상자 | 던전의 보스상자 | 던전의 보스상자 | 촎 | 던전의 보스상자 | 넉 | 던전의 보스상자 | 던전의 보스상자 | 던전의 보스상자
item.dat decoded,1020,향상된 개방 옵션 변환창 생성,58174,0x121613a,304,0x121626a,던전의 보스상자 | 촎 | 던전의 보스상자 | 넉 | 던전의 보스상자 | 던전의 보스상자 | 던전의 보스상자 | 췘 | 던전의 보스상자 | 던전의 보스상자 | 던전의 보스상자 | 던전의 보스상자
item.dat decoded,1020,향상된 개방 옵션 변환창 생성,58179,0x1216798,18,0x12167aa,던전의 보스상자 | 던전의 보스상자 | 던전의 보스상자 | 뷯 | 던전의 | 보스상자 | 편 | 던전의 보스상자 | 던전의 보스상자 | 던전의 보스상자 | 던전의 보스상자 | 던전의 보스상자
item.dat decoded,1020,향상된 개방 옵션 변환창 생성,58181,0x1216a24,38,0x1216a4a,보스상자 | 편 | 던전의 보스상자 | 던전의 보스상자 | 던전의 보스상자 | 던전의 보스상자 | 던전의 보스상자 | 던전의 보스상자 | 던전의 보스상자 | 던전의 보스상자 | 던전의 보스상자
item.dat decoded,1020,향상된 개방 옵션 변환창 생성,58183,0x1216cb0,58,0x1216cea,던전의 보스상자 | 던전의 보스상자 | 던전의 보스상자 | 던전의 보스상자 | 던전의 보스상자 | 던전의 보스상자 | 던전의 보스상자 | 던전의 보스상자 | 던전의 보스상자 | 던전의 보스상자
item.dat decoded,1020,향상된 개방 옵션 변환창 생성,58185,0x1216f3c,78,0x1216f8a,던전의 보스상자 | 던전의 보스상자 | 던전의 보스상자 | 던전의 보스상자 | 던전의 보스상자 | 던전의 보스상자 | 던전의 보스상자 | 던전의 보스상자 | 던전의 보스상자 | 던전의 보스상자
item.dat decoded,1020,향상된 개방 옵션 변환창 생성,58187,0x12171c8,98,0x121722a,던전의 보스상자 | 던전의 보스상자 | 던전의 보스상자 | 던전의 보스상자 | 던전의 보스상자 | 던전의 보스상자 | 던전의 보스상자 | 던전의 보스상자 | 픩 | 던전의 보스상자 | 던전의 보스상자
item.dat decoded,1020,향상된 개방 옵션 변환창 생성,58189,0x1217454,118,0x12174ca,던전의 보스상자 | 던전의 보스상자 | 던전의 보스상자 | 던전의 보스상자 | 픩 | 던전의 보스상자 | 던전의 보스상자 | 던전의 보스상자 | 던전의 보스상자 | 던전의 보스상자 | 던전의 보스상자
item.dat decoded,1020,향상된 개방 옵션 변환창 생성,58191,0x12176e0,138,0x121776a,던전의 보스상자 | 던전의 보스상자 | 던전의 보스상자 | 던전의 보스상자 | 던전의 보스상자 | 던전의 보스상자 | 던전의 보스상자 | 던전의 보스상자 | 던전의 보스상자 | 던전의 보스상자
item.dat decoded,1020,향상된 개방 옵션 변환창 생성,58193,0x121796c,158,0x1217a0a,던전의 보스상자 | 던전의 보스상자 | 던전의 보스상자 | 던전의 보스상자 | 던전의 보스상자 | 던전의 보스상자 | 던전의 보스상자 | 던전의 보스상자 | 던전의 보스상자 | 던전
item.dat decoded,1020,향상된 개방 옵션 변환창 생성,58195,0x1217bf8,178,0x1217caa,던전의 보스상자 | 던전의 보스상자 | 던전의 보스상자 | 던전의 보스상자 | 던전의 보스상자 | 던전 | 보스상자 | 던전의 보스상자 | 던전의 보스상자 | 던전의 보스상자
item.dat decoded,1020,향상된 개방 옵션 변환창 생성,58197,0x1217e84,198,0x1217f4a,던전의 보스상자 | 던전 | 보스상자 | 던전의 보스상자 | 던전의 보스상자 | 던전의 보스상자 | 던전의 보스상자 | 던전의 보스상자 | 던전의 보스상자 | 던전의 보스상자
item.dat decoded,1020,향상된 개방 옵션 변환창 생성,58199,0x1218110,218,0x12181ea,던전의 보스상자 | 던전의 보스상자 | 던전의 보스상자 | 던전의 보스상자 | 던전의 보스상자 | 던전의 보스상자 | 던전의 보스상자 | 던전의 보스상자 | 던전의 보스상자 | 던전의 보스상자 | 촧
item.dat decoded,1020,향상된 개방 옵션 변환창 생성,58201,0x121839c,238,0x121848a,던전의 보스상자 | 던전의 보스상자 | 던전의 보스상자 | 던전의 보스상자 | 던전의 보스상자 | 던전의 보스상자 | 촧 | 던전의 보스상자 | 던전의 보스상자 | 던전의 보스상자 | 던전의 보스상자
item.dat decoded,1020,향상된 개방 옵션 변환창 생성,58203,0x1218628,258,0x121872a,던전의 보스상자 | 던전의 보스상자 | 촧 | 던전의 보스상자 | 던전의 보스상자 | 던전의 보스상자 | 던전의 보스상자 | 던전의 보스상자 | 던전의 보스상자 | 던전의 보스상자 | 던전의 보스상자
item.dat decoded,1020,향상된 개방 옵션 변환창 생성,58205,0x12188b4,278,0x12189ca,던전의 보스상자 | 던전의 보스상자 | 던전의 보스상자 | 던전의 보스상자 | 던전의 보스상자 | 던전의 보스상자 | 던전의 보스상자 | 던전의 보스상자 | 던전의 보스상자 | 쭕 | 던전의 보스상자
item.dat decoded,1020,향상된 개방 옵션 변환창 생성,58207,0x1218b40,298,0x1218c6a,던전의 보스상자 | 던전의 보스상자 | 던전의 보스상자 | 던전의 보스상자 | 던전의 보스상자 | 쭕 | 던전의 보스상자 | 던전의 보스상자 | 던전의 보스상자 | 던전의 보스상자 | 던전의 보스상자
item.dat decoded,1020,향상된 개방 옵션 변환창 생성,58209,0x1218dcc,318,0x1218f0a,던전의 보스상자 | 쭕 | 던전의 보스상자 | 던전의 보스상자 | 던전의 보스상자 | 던전의 보스상자 | 던전의 보스상자 | 던전의 보스상자 | 던전의 보스상자 | 던전의 보스상자 | 풐 | 던전의 보스상
item.dat decoded,1020,향상된 개방 옵션 변환창 생성,58212,0x121919e,12,0x12191aa,던전의 보스상자 | 던전의 보스상자 | 던전의 보스상자 | 풐 | 던전의 보스상 | 자 | 던전의 보스상자 | 던 | 活 보스상자 | 던전의 보스상자 | 던전의 보스상자 | 던전의 보스상자
item.dat decoded,1020,향상된 개방 옵션 변환창 생성,58214,0x121942a,32,0x121944a,자 | 던전의 보스상자 | 던 | 活 보스상자 | 던전의 보스상자 | 던전의 보스상자 | 던전의 보스상자 | 던전의 보스상자 | 던전의 보스상자 | 횤 | 던전의 보스상자 | 던전의 보스상자
item.dat decoded,1020,향상된 개방 옵션 변환창 생성,58216,0x12196b6,52,0x12196ea,던전의 보스상자 | 던전의 보스상자 | 던전의 보스상자 | 던전의 보스상자 | 횤 | 던전의 보스상자 | 던전의 보스상자 | 던전의 보스상자 | 던전의 보스상자 | 던전의 보스상자 | 뉵 | 던전의 보스상자
item.dat decoded,1020,향상된 개방 옵션 변환창 생성,58218,0x1219942,72,0x121998a,던전의 보스상자 | 던전의 보스상자 | 던전의 보스상자 | 던전의 보스상자 | 던전의 보스상자 | 뉵 | 던전의 보스상자 | 던전의 보스상자 | 던전의 보스상자 | 륭 | 던전의 보스상자 | 던전의 보스상자
item.dat decoded,1020,향상된 개방 옵션 변환창 생성,58220,0x1219bce,92,0x1219c2a,던전의 보스상자 | 뉵 | 던전의 보스상자 | 던전의 보스상자 | 던전의 보스상자 | 륭 | 던전의 보스상자 | 던전의 보스상자 | 던전의 보스상자 | 던전의 보스상자 | 던전의 보스상자 | 던전의 보스상자
item.dat decoded,1020,향상된 개방 옵션 변환창 생성,58222,0x1219e5a,112,0x1219eca,던전의 보스상자 | 던전의 보스상자 | 던전의 보스상자 | 던전의 보스상자 | 던전의 보스상자 | 던전의 보스상자 | 던전의 보스상자 | 던전의 보스상자 | 옪 | 던전의 보스상자 | 던전의 보스상자
item.dat decoded,1020,향상된 개방 옵션 변환창 생성,58224,0x121a0e6,132,0x121a16a,던전의 보스상자 | 던전의 보스상자 | 던전의 보스상자 | 던전의 보스상자 | 옪 | 던전의 보스상자 | 던전의 보스상자 | 던전의 보스상자 | 던전의 보스상자 | 던전의 보스상자 | 녶 | 던전의 보스상자
item.dat decoded,1020,향상된 개방 옵션 변환창 생성,58226,0x121a372,152,0x121a40a,던전의 보스상자 | 던전의 보스상자 | 던전의 보스상자 | 던전의 보스상자 | 던전의 보스상자 | 녶 | 던전의 보스상자 | 던전의 보스상자 | 던전의 보스상자 | 던전의 보스상자 | 던전의 보스
item.dat decoded,1020,향상된 개방 옵션 변환창 생성,58228,0x121a5fe,172,0x121a6aa,던전의 보스상자 | 녶 | 던전의 보스상자 | 던전의 보스상자 | 던전의 보스상자 | 던전의 보스상자 | 던전의 보스 | 상자 | 던전의 보스상자 | 坪活 보스상자 | 던전의 보스상자
item.dat decoded,1020,향상된 개방 옵션 변환창 생성,58230,0x121a88a,192,0x121a94a,던전의 보스상자 | 던전의 보스 | 상자 | 던전의 보스상자 | 坪活 보스상자 | 던전의 보스상자 | 던전의 보스상자 | 던전의 보스상자 | 던전의 보스상자 | 던전의 보스상자
item.dat decoded,1020,향상된 개방 옵션 변환창 생성,58232,0x121ab16,212,0x121abea,坪活 보스상자 | 던전의 보스상자 | 던전의 보스상자 | 던전의 보스상자 | 던전의 보스상자 | 던전의 보스상자 | 던전의 보스상자 | 던전의 보스상자 | 던전의 보스상자 | 씦 | 던전의 보스상자
item.dat decoded,1020,향상된 개방 옵션 변환창 생성,58234,0x121ada2,232,0x121ae8a,던전의 보스상자 | 던전의 보스상자 | 던전의 보스상자 | 던전의 보스상자 | 던전의 보스상자 | 씦 | 던전의 보스상자 | 던전의 보스상자 | 던전의 보스상자 | 던전의 보스상자 | 던전의 보스상자
item.dat decoded,1020,향상된 개방 옵션 변환창 생성,58236,0x121b02e,252,0x121b12a,던전의 보스상자 | 씦 | 던전의 보스상자 | 던전의 보스상자 | 던전의 보스상자 | 던전의 보스상자 | 던전의 보스상자 | 던전의 보스상자 | 던전의 보스상자 | 던전의 보스상자 | 던전의 보스상자
item.dat decoded,1020,향상된 개방 옵션 변환창 생성,58238,0x121b2ba,272,0x121b3ca,던전의 보스상자 | 던전의 보스상자 | 던전의 보스상자 | 던전의 보스상자 | 던전의 보스상자 | 던전의 보스상자 | 던전의 보스상자 | 던전의 보스상자 | 던전의 보스상자 | 던전의 보스상자
item.dat decoded,1020,향상된 개방 옵션 변환창 생성,58240,0x121b546,292,0x121b66a,던전의 보스상자 | 던전의 보스상자 | 던전의 보스상자 | 던전의 보스상자 | 던전의 보스상자 | 던전의 보스상자 | 던전의 보스상자 | 던전의 보스상자 | 던전의 보스상자 | 던전의 보스상자
item.dat decoded,1020,향상된 개방 옵션 변환창 생성,58242,0x121b7d2,312,0x121b90a,던전의 보스상자 | 던전의 보스상자 | 던전의 보스상자 | 던전의 보스상자 | 던전의 보스상자 | 던전의 보스상자 | 던전의 보스상자 | 던전의 보스상자 | 던전의 보스상자 | 던전의 보스상자
item.dat decoded,1020,향상된 개방 옵션 변환창 생성,58245,0x121bba4,6,0x121bbaa,던전의 보스상자 | 던전의 보스상자 | 던전의 보스상자 | 던전의 보스상자 | 킞 | 던전의 보스상자 | 던전의 보 | 스상자 | 던전의 보스상자 | 쎧 | 던전의 보스상자 | 던전의 보스상자
item.dat decoded,1020,향상된 개방 옵션 변환창 생성,58247,0x121be30,26,0x121be4a,킞 | 던전의 보스상자 | 던전의 보 | 스상자 | 던전의 보스상자 | 쎧 | 던전의 보스상자 | 던전의 보스상자 | 던전의 보스상자 | 던전의 보스상자 | 던전의 보스상자 | 쥿
item.dat decoded,1020,향상된 개방 옵션 변환창 생성,58249,0x121c0bc,46,0x121c0ea,던전의 보스상자 | 던전의 보스상자 | 던전의 보스상자 | 던전의 보스상자 | 던전의 보스상자 | 쥿 | 셑 | 던전의 보스상자 | 던전의 보스상자 | 던전의 보스상자 | 던전의 보스상자 | 던전의 보스상자
item.dat decoded,1020,향상된 개방 옵션 변환창 생성,58251,0x121c348,66,0x121c38a,던전의 보스상자 | 쥿 | 셑 | 던전의 보스상자 | 던전의 보스상자 | 던전의 보스상자 | 던전의 보스상자 | 던전의 보스상자 | 던전의 보스상자 | 던전의 보스상자 | 던전의 보스상자 | 멠
item.dat decoded,1020,향상된 개방 옵션 변환창 생성,58253,0x121c5d4,86,0x121c62a,던전의 보스상자 | 던전의 보스상자 | 던전의 보스상자 | 던전의 보스상자 | 던전의 보스상자 | 멠 | 던전의 보스상자 | 던전의 보스상자 | 던전의 보스상자 | 잸 | 뛸 | 던전의 보스상자
item.dat decoded,1020,향상된 개방 옵션 변환창 생성,58255,0x121c860,106,0x121c8ca,던전의 보스상자 | 멠 | 던전의 보스상자 | 던전의 보스상자 | 던전의 보스상자 | 잸 | 뛸 | 던전의 보스상자 | 던전의 보스상자 | 던전의 보스상자 | 던전의 보스상자 | 던전의 보스상자
item.dat decoded,1020,향상된 개방 옵션 변환창 생성,58257,0x121caec,126,0x121cb6a,던전의 보스상자 | 던전의 보스상자 | 던전의 보스상자 | 던전의 보스상자 | 던전의 보스상자 | 던전의 보스상자 | 던전의 보스상자 | 던전의 보스상자 | 던전의 보스상자 | 던전의 보스상자
item.dat decoded,1020,향상된 개방 옵션 변환창 생성,58259,0x121cd78,146,0x121ce0a,던전의 보스상자 | 던전의 보스상자 | 던전의 보스상자 | 던전의 보스상자 | 던전의 보스상자 | 던전의 보스상자 | 던전의 보스상자 | 던전의 보스상자 | 던전의 보스상자 | 던전의 보스상자
item.dat decoded,1020,향상된 개방 옵션 변환창 생성,58261,0x121d004,166,0x121d0aa,던전의 보스상자 | 던전의 보스상자 | 던전의 보스상자 | 던전의 보스상자 | 던전의 보스상자 | 던전의 보스상자 | 던전의 보스상자 | 던전의 | 보스상자 | 던전의 보스상자
item.dat decoded,1020,향상된 개방 옵션 변환창 생성,58263,0x121d290,186,0x121d34a,던전의 보스상자 | 던전의 보스상자 | 던전의 보스상자 | 던전의 | 보스상자 | 던전의 보스상자 | 던전의 보스상자 | 던전의 보스상자 | 던전의 보스상자 | 던전의 보스상자
item.dat decoded,1020,향상된 개방 옵션 변환창 생성,58265,0x121d51c,206,0x121d5ea,보스상자 | 던전의 보스상자 | 던전의 보스상자 | 던전의 보스상자 | 던전의 보스상자 | 던전의 보스상자 | 던전의 보스상자 | 던전의 보스상자 | 퐿 | 던전의 보스상자 | 쭴 | 던전의 보스상자
item.dat decoded,1020,향상된 개방 옵션 변환창 생성,58267,0x121d7a8,226,0x121d88a,던전의 보스상자 | 던전의 보스상자 | 던전의 보스상자 | 던전의 보스상자 | 퐿 | 던전의 보스상자 | 쭴 | 던전의 보스상자 | 던전의 보스상자 | 던전의 보스상자 | 첟 | 던전의 보스상자
item.dat decoded,1020,향상된 개방 옵션 변환창 생성,58269,0x121da34,246,0x121db2a,던전의 보스상자 | 쭴 | 던전의 보스상자 | 던전의 보스상자 | 던전의 보스상자 | 첟 | 던전의 보스상자 | 던전의 보스상자 | 던전의 보스상자 | 던전의 보스상자 | 뾌 | 던전의 보스상자
item.dat decoded,1020,향상된 개방 옵션 변환창 생성,58271,0x121dcc0,266,0x121ddca,던전의 보스상자 | 던전의 보스상자 | 던전의 보스상자 | 던전의 보스상자 | 뾌 | 던전의 보스상자 | 던전의 보스상자 | 던전의 보스상자 | 던전의 보스상자 | 괡 | 던전의 보스상자 | 던전의 보스상자
item.dat decoded,1020,향상된 개방 옵션 변환창 생성,58273,0x121df4c,286,0x121e06a,던전의 보스상자 | 던전의 보스상자 | 던전의 보스상자 | 던전의 보스상자 | 괡 | 던전의 보스상자 | 던전의 보스상자 | 던전의 보스상자 | 던전의 보스상자 | 던전의 보스상자 | 던전의 보스상자
item.dat decoded,1020,향상된 개방 옵션 변환창 생성,58275,0x121e1d8,306,0x121e30a,던전의 보스상자 | 던전의 보스상자 | 던전의 보스상자 | 던전의 보스상자 | 던전의 보스상자 | 던전의 보스상자 | 던전의 보스상자 | 던전의 보스상자 | 던전의 보스상자 | 껷 | 던전의 보스상자
item.dat decoded,1020,향상된 개방 옵션 변환창 생성,58278,0x121e5aa,0,0x121e5aa,던전의 보스상자 | 던전의 보스상자 | 던전의 보스상자 | 껷 | 던전의 보스상자 | 던전의 보스상자 | 던전의 보스상자 | 던전의 보스상자 | 캯 | 던전 | 보스상자 | 쐁
item.dat decoded,1020,향상된 개방 옵션 변환창 생성,58280,0x121e836,20,0x121e84a,던전의 보스상자 | 던전의 보스상자 | 던전의 보스상자 | 캯 | 던전 | 보스상자 | 쐁 | 던전의 보스상자 | 던전의 보스상자 | 던전의 보스상자 | 던전의 보스상자 | 던전의 보스상자
item.dat decoded,1020,향상된 개방 옵션 변환창 생성,58282,0x121eac2,40,0x121eaea,보스상자 | 쐁 | 던전의 보스상자 | 던전의 보스상자 | 던전의 보스상자 | 던전의 보스상자 | 던전의 보스상자 | 던전의 보스상자 | 던전의 보스상자 | 던전의 보스상자 | 둭 | 던전의 보스상자
item.dat decoded,1020,향상된 개방 옵션 변환창 생성,58284,0x121ed4e,60,0x121ed8a,던전의 보스상자 | 던전의 보스상자 | 던전의 보스상자 | 던전의 보스상자 | 던전의 보스상자 | 둭 | 던전의 보스상자 | 던전의 보스상자 | 던전의 보스상자 | 던전의 보스상자 | 던전의 보스상자
item.dat decoded,1020,향상된 개방 옵션 변환창 생성,58286,0x121efda,80,0x121f02a,던전의 보스상자 | 둭 | 던전의 보스상자 | 던전의 보스상자 | 던전의 보스상자 | 던전의 보스상자 | 던전의 보스상자 | 던전의 보스상자 | 던전의 보스상자 | 던전의 보스상자 | 던전의 보스상자
item.dat decoded,1020,향상된 개방 옵션 변환창 생성,58288,0x121f266,100,0x121f2ca,던전의 보스상자 | 던전의 보스상자 | 던전의 보스상자 | 던전의 보스상자 | 던전의 보스상자 | 던전의 보스상자 | 던전의 보스상자 | 홗 | 던전의 보스상자 | 똗 | 던전의 보스상자 | 던전의 보스상자
item.dat decoded,1020,향상된 개방 옵션 변환창 생성,58290,0x121f4f2,120,0x121f56a,던전의 보스상자 | 던전의 보스상자 | 던전의 보스상자 | 홗 | 던전의 보스상자 | 똗 | 던전의 보스상자 | 던전의 보스상자 | 던전의 보스상자 | 쮁 | 던전의 보스상자 | 퇦
item.dat decoded,1020,향상된 개방 옵션 변환창 생성,58292,0x121f77e,140,0x121f80a,던전의 보스상자 | 던전의 보스상자 | 던전의 보스상자 | 쮁 | 던전의 보스상자 | 퇦 | 던전의 보스상자 | 던전의 보스상자 | 던전의 보스상자 | 똖 | 던전의 보스상자 | 던전의 보스상자
item.dat decoded,1020,향상된 개방 옵션 변환창 생성,58294,0x121fa0a,160,0x121faaa,던전의 보스상자 | 던전의 보스상자 | 던전의 보스상자 | 똖 | 던전의 보스상자 | 던전의 보스상자 | 던전의 보스상자 | 던전의 보스상자 | 던전의 보스상 | 자 | 던전의 보스상자 | 던
item.dat decoded,1020,향상된 개방 옵션 변환창 생성,58296,0x121fc96,180,0x121fd4a,던전의 보스상자 | 던전의 보스상자 | 던전의 보스상자 | 던전의 보스상 | 자 | 던전의 보스상자 | 던 | 活 보스상자 | 던전의 보스상자 | 쵣 | 던전의 보스상자 | 던전의 보스상자
item.dat decoded,1020,향상된 개방 옵션 변환창 생성,58298,0x121ff22,200,0x121ffea,자 | 던전의 보스상자 | 던 | 活 보스상자 | 던전의 보스상자 | 쵣 | 던전의 보스상자 | 던전의 보스상자 | 던전의 보스상자 | 던전의 보스상자 | 랣 | 던전의 보스상자
item.dat decoded,1020,향상된 개방 옵션 변환창 생성,58300,0x12201ae,220,0x122028a,던전의 보스상자 | 던전의 보스상자 | 던전의 보스상자 | 던전의 보스상자 | 랣 | 던전의 보스상자 | 던전의 보스상자 | 멟 | 던전의 보스상자 | 던전의 보스상자 | 던전의 보스상자 | 던전의 보스상자
item.dat decoded,1020,향상된 개방 옵션 변환창 생성,58302,0x122043a,240,0x122052a,던전의 보스상자 | 던전의 보스상자 | 멟 | 던전의 보스상자 | 던전의 보스상자 | 던전의 보스상자 | 던전의 보스상자 | 퉠 | 던전의 보스상자 | 던전의 보스상자 | 던전의 보스상자 | 던전의 보스상자
item.dat decoded,1020,향상된 개방 옵션 변환창 생성,58304,0x12206c6,260,0x12207ca,던전의 보스상자 | 던전의 보스상자 | 퉠 | 던전의 보스상자 | 던전의 보스상자 | 던전의 보스상자 | 던전의 보스상자 | 던전의 보스상자 | 던전의 보스상자 | 던전의 보스상자 | 던전의 보스상자 | 쬿
item.dat decoded,1020,향상된 개방 옵션 변환창 생성,58306,0x1220952,280,0x1220a6a,던전의 보스상자 | 던전의 보스상자 | 던전의 보스상자 | 던전의 보스상자 | 던전의 보스상자 | 던전의 보스상자 | 쬿 | 던전의 보스상자 | 던전의 보스상자 | 퉌 | 던전의 보스상자 | 던전의 보스상자
item.dat decoded,1020,향상된 개방 옵션 변환창 생성,58308,0x1220bde,300,0x1220d0a,던전의 보스상자 | 던전의 보스상자 | 쬿 | 던전의 보스상자 | 던전의 보스상자 | 퉌 | 던전의 보스상자 | 던전의 보스상자 | 뻱 | 던전의 보스상자 | 던전의 보스상자 | 던전의 보스상자
item.dat decoded,1020,향상된 개방 옵션 변환창 생성,58310,0x1220e6a,320,0x1220faa,던전의 보스상자 | 던전의 보스상자 | 뻱 | 던전의 보스상자 | 던전의 보스상자 | 던전의 보스상자 | 던전의 보스상자 | 븒 | 던전의 보스상자 | 던전의 보스상자 | 던전의 보스상자 | 던전의 보스
item.dat decoded,1020,향상된 개방 옵션 변환창 생성,58313,0x122123c,14,0x122124a,븒 | 던전의 보스상자 | 던전의 보스상자 | 던전의 보스상자 | 던전의 보스 | 상자 | 던전의 보스상자 | 坪活 보스상자 | 킞 | 던전의 보스상자 | 쐁 | 던전의 보스상자
item.dat decoded,1020,향상된 개방 옵션 변환창 생성,58315,0x12214c8,34,0x12214ea,상자 | 던전의 보스상자 | 坪活 보스상자 | 킞 | 던전의 보스상자 | 쐁 | 던전의 보스상자 | 틩 | 던전의 보스상자 | 던전의 보스상자 | 뻂 | 던전의 보스상자
item.dat decoded,1020,향상된 개방 옵션 변환창 생성,58315,0x12214c8,46,0x12214f6,상자 | 던전의 보스상자 | 坪活 보스상자 | 킞 | 던전의 보스상자 | 쐁 | 던전의 보스상자 | 틩 | 던전의 보스상자 | 던전의 보스상자 | 뻂 | 던전의 보스상자
item.dat decoded,1020,향상된 개방 옵션 변환창 생성,58317,0x1221754,54,0x122178a,던전의 보스상자 | 틩 | 던전의 보스상자 | 던전의 보스상자 | 뻂 | 던전의 보스상자 | 던전의 보스상자 | 던전의 보스상자 | 던전의 보스상자 | 던전의 보스상자 | 던전의 보스상자 | 던전의 보스상자
item.dat decoded,1020,향상된 개방 옵션 변환창 생성,58319,0x12219e0,74,0x1221a2a,던전의 보스상자 | 던전의 보스상자 | 던전의 보스상자 | 던전의 보스상자 | 던전의 보스상자 | 던전의 보스상자 | 던전의 보스상자 | 던전의 보스상자 | 던전의 보스상자 | 챨 | 던전의 보스상자
item.dat decoded,1020,향상된 개방 옵션 변환창 생성,58321,0x1221c6c,94,0x1221cca,던전의 보스상자 | 던전의 보스상자 | 던전의 보스상자 | 던전의 보스상자 | 던전의 보스상자 | 챨 | 던전의 보스상자 | 던전의 보스상자 | 던전의 보스상자 | 폙 | 던전의 보스상자 | 던전의 보스상자
item.dat decoded,1020,향상된 개방 옵션 변환창 생성,58323,0x1221ef8,114,0x1221f6a,던전의 보스상자 | 챨 | 던전의 보스상자 | 던전의 보스상자 | 던전의 보스상자 | 폙 | 던전의 보스상자 | 던전의 보스상자 | 던전의 보스상자 | 쩫 | 던전의 보스상자 | 풢
item.dat decoded,1020,향상된 개방 옵션 변환창 생성,58325,0x1222184,134,0x122220a,던전의 보스상자 | 던전의 보스상자 | 던전의 보스상자 | 쩫 | 던전의 보스상자 | 풢 | 던전의 보스상자 | 던전의 보스상자 | 던전의 보스상자 | 던전의 보스상자 | 쨓 | 풥
item.dat decoded,1020,향상된 개방 옵션 변환창 생성,58327,0x1222410,154,0x12224aa,던전의 보스상자 | 던전의 보스상자 | 던전의 보스상자 | 던전의 보스상자 | 쨓 | 풥 | 던전의 보스상자 | 넌 | 던전의 보스상자 | 던전의 보스상자 | 던전의 보스상자 | 푃
item.dat decoded,1020,향상된 개방 옵션 변환창 생성,58329,0x122269c,174,0x122274a,풥 | 던전의 보스상자 | 넌 | 던전의 보스상자 | 던전의 보스상자 | 던전의 보스상자 | 푃 | 던전의 보스상자 | 훴 | 던전의 보 | 스상자 | 던전의 보스상자
item.dat decoded,1020,향상된 개방 옵션 변환창 생성,58331,0x1222928,194,0x12229ea,푃 | 던전의 보스상자 | 훴 | 던전의 보 | 스상자 | 던전의 보스상자 | 폪 | 던전의 보스상자 | 퍷 | 던전의 보스상자 | 던전의 보스상자 | 던전의 보스상자
item.dat decoded,1020,향상된 개방 옵션 변환창 생성,58333,0x1222bb4,214,0x1222c8a,던전의 보스상자 | 퍷 | 던전의 보스상자 | 던전의 보스상자 | 던전의 보스상자 | 얬 | 던전의 보스상자 | 퇡 | 던전의 보스상자 | 쾳 | 뗪 | 던전의 보스상자
item.dat decoded,1020,향상된 개방 옵션 변환창 생성,58335,0x1222e40,234,0x1222f2a,던전의 보스상자 | 퇡 | 던전의 보스상자 | 쾳 | 뗪 | 던전의 보스상자 | 던전의 보스상자 | 던전의 보스상자 | 쿟 | 던전의 보스상자 | 던전의 보스상자 | 던전의 보스상자
item.dat decoded,1020,향상된 개방 옵션 변환창 생성,58337,0x12230cc,254,0x12231ca,던전의 보스상자 | 쿟 | 던전의 보스상자 | 던전의 보스상자 | 던전의 보스상자 | 햒 | 던전의 보스상자 | 촜 | 던전의 보스상자 | 젋 | 법 | 던전의 보스상자
item.dat decoded,1020,향상된 개방 옵션 변환창 생성,58339,0x1223358,274,0x122346a,던전의 보스상자 | 촜 | 던전의 보스상자 | 젋 | 법 | 던전의 보스상자 | 던전의 보스상자 | 셠 | 던전의 보스상자 | 촴 | 쨄 | 던전의 보스상자
item.dat decoded,1020,향상된 개방 옵션 변환창 생성,58341,0x12235e4,294,0x122370a,던전의 보스상자 | 촴 | 쨄 | 던전의 보스상자 | 던전의 보스상자 | 던전의 보스상자 | 던전의 보스상자 | 던전의 보스상자 | 럮 | 던전의 보스상자 | 던전의 보스상자 | 던전의 보스상자
item.dat decoded,1020,향상된 개방 옵션 변환창 생성,58343,0x1223870,314,0x12239aa,던전의 보스상자 | 던전의 보스상자 | 럮 | 던전의 보스상자 | 던전의 보스상자 | 던전의 보스상자 | 던전의 보스상자 | 던전의 보스상자 | 던전의 보스상자 | 던전의 보스상자 | 꼊 | 던전의 보스상자
item.dat decoded,1020,향상된 개방 옵션 변환창 생성,58346,0x1223c42,8,0x1223c4a,던전의 보스상자 | 던전의 보스상자 | 던전의 보스상자 | 꼊 | 던전의 보스상자 | 던전의 보스상자 | 던전의 | 보스상자 | 휶 | 던전의 보스상자 | 던전의 보스상자 | 던전의 보스상자
item.dat decoded,1020,향상된 개방 옵션 변환창 생성,58348,0x1223ece,28,0x1223eea,던전의 보스상자 | 던전의 | 보스상자 | 휶 | 던전의 보스상자 | 던전의 보스상자 | 던전의 보스상자 | 던전의 보스상자 | 쫃 | 던전의 보스상자 | 늳 | 던전의 보스상자
item.dat decoded,1020,향상된 개방 옵션 변환창 생성,58350,0x122415a,48,0x122418a,던전의 보스상자 | 던전의 보스상자 | 던전의 보스상자 | 쫃 | 던전의 보스상자 | 늳 | 던전의 보스상자 | 던전의 보스상자 | 던전의 보스상자 | 놸 | 죐 | 던전의 보스상자
item.dat decoded,1020,향상된 개방 옵션 변환창 생성,58352,0x12243e6,68,0x122442a,던전의 보스상자 | 던전의 보스상자 | 던전의 보스상자 | 놸 | 죐 | 던전의 보스상자 | 큫 | 던전의 보스상자 | 던전의 보스상자 | 던전의 보스상자 | 던전의 보스상자 | 던전의 보스상자
item.dat decoded,1020,향상된 개방 옵션 변환창 생성,58354,0x1224672,88,0x12246ca,던전의 보스상자 | 던전의 보스상자 | 던전의 보스상자 | 던전의 보스상자 | 던전의 보스상자 | 던전의 보스상자 | 던전의 보스상자 | 던전의 보스상자 | 던전의 보스상자 | 둛 | 던전의 보스상자
item.dat decoded,1020,향상된 개방 옵션 변환창 생성,58356,0x12248fe,108,0x122496a,던전의 보스상자 | 던전의 보스상자 | 던전의 보스상자 | 던전의 보스상자 | 던전의 보스상자 | 둛 | 던전의 보스상자 | 던전의 보스상자 | 던전의 보스상자 | 던전의 보스상자 | 던전의 보스상자
item.dat decoded,1020,향상된 개방 옵션 변환창 생성,58358,0x1224b8a,128,0x1224c0a,던전의 보스상자 | 둛 | 던전의 보스상자 | 던전의 보스상자 | 던전의 보스상자 | 던전의 보스상자 | 던전의 보스상자 | 던전의 보스상자 | 던전의 보스상자 | 던전의 보스상자 | 퐳 | 괽
item.dat decoded,1020,향상된 개방 옵션 변환창 생성,58360,0x1224e16,148,0x1224eaa,던전의 보스상자 | 던전의 보스상자 | 던전의 보스상자 | 던전의 보스상자 | 던전의 보스상자 | 퐳 | 괽 | 던전의 보스상자 | 던전의 보스상자 | 던전의 보스상자 | 던전의 보스상자 | 던전의 보스상자
item.dat decoded,1020,향상된 개방 옵션 변환창 생성,58362,0x12250a2,168,0x122514a,던전의 보스상자 | 퐳 | 괽 | 던전의 보스상자 | 던전의 보스상자 | 던전의 보스상자 | 던전의 보스상자 | 던전의 보스상자 | 던전의 보스상자 | 셯 | 던전 | 보스상자
item.dat decoded,1020,향상된 개방 옵션 변환창 생성,58364,0x122532e,188,0x12253ea,던전의 보스상자 | 던전의 보스상자 | 던전의 보스상자 | 셯 | 던전 | 보스상자 | 던전의 보스상자 | 쳼 | 던전의 보스상자 | 던전의 보스상자 | 던전의 보스상자 | 던전의 보스상자
item.dat decoded,1020,향상된 개방 옵션 변환창 생성,58366,0x12255ba,208,0x122568a,보스상자 | 던전의 보스상자 | 쳼 | 던전의 보스상자 | 던전의 보스상자 | 던전의 보스상자 | 던전의 보스상자 | 던전의 보스상자 | 던전의 보스상자 | 뢠 | 던전의 보스상자 | 칰
item.dat decoded,1020,향상된 개방 옵션 변환창 생성,58368,0x1225846,228,0x122592a,던전의 보스상자 | 던전의 보스상자 | 던전의 보스상자 | 던전의 보스상자 | 뢠 | 던전의 보스상자 | 칰 | 던전의 보스상자 | 솫 | 던전의 보스상자 | 잸 | 던전의 보스상자
item.dat decoded,1020,향상된 개방 옵션 변환창 생성,58370,0x1225ad2,248,0x1225bca,던전의 보스상자 | 칰 | 던전의 보스상자 | 솫 | 던전의 보스상자 | 잸 | 던전의 보스상자 | 던전의 보스상자 | 봿 | 던전의 보스상자 | 던전의 보스상자 | 던전의 보스상자
item.dat decoded,1020,향상된 개방 옵션 변환창 생성,58372,0x1225d5e,268,0x1225e6a,던전의 보스상자 | 봿 | 던전의 보스상자 | 던전의 보스상자 | 던전의 보스상자 | 던전의 보스상자 | 던전의 보스상자 | 눆 | 던전의 보스상자 | 던전의 보스상자 | 쾣 | 던전의 보스상자
item.dat decoded,1020,향상된 개방 옵션 변환창 생성,58374,0x1225fea,288,0x122610a,던전의 보스상자 | 던전의 보스상자 | 눆 | 던전의 보스상자 | 던전의 보스상자 | 쾣 | 던전의 보스상자 | 쁾 | 던전의 보스상자 | 윩 | 던전의 보스상자 | 던전의 보스상자
item.dat decoded,1020,향상된 개방 옵션 변환창 생성,58376,0x1226276,308,0x12263aa,던전의 보스상자 | 쁾 | 던전의 보스상자 | 윩 | 던전의 보스상자 | 던전의 보스상자 | 굒 | 던전의 보스상자 | 훴 | 던전의 보스상자 | 던전의 보스상자 | 던전의 보스상자
item.dat decoded,1020,향상된 개방 옵션 변환창 생성,58379,0x1226648,2,0x122664a,던전의 보스상자 | 던전의 보스상자 | 던전의 보스상자 | 던전의 보스상자 | 던전의 보스상자 | 랣 | 던전의 보스상 | 자 | 던전의 보스상자 | 던 | 活 보스상자 | 코볼트 던전 보스 상자
item.dat decoded,1020,향상된 개방 옵션 변환창 생성,58381,0x12268d4,22,0x12268ea,던전의 보스상자 | 랣 | 던전의 보스상 | 자 | 던전의 보스상자 | 던 | 活 보스상자 | 코볼트 던전 보스 상자 | 벌 | 레굴 보스 상자 | 상자 | 지하묘지의 보물 상자
