converter_type,equipment_bucket,group_ids,group_names,grade_code,section_group,open_slot,candidate_index,option_id,value_0,value_1,probability,probability_source,tier,source_block_index,source_file_offset
burning,무기,"18,20,21,22,23,24,25,26,28,30,32,33,54,55,56,57,58,61,63,68,70,80,82","한 손 검,양손 검,마법 지팡이,이빨,메이스,날개,단도,활,창,슬링,마술봉,채찍,낫,손톱무기,책,빗자루,쌍검,암영 구체,쌍권총,연금석,격투무기,사슬닻,대포",9,3,1,1,63,504,0,8.5,float_a,2,9,0x6c68
burning,무기,"18,20,21,22,23,24,25,26,28,30,32,33,54,55,56,57,58,61,63,68,70,80,82","한 손 검,양손 검,마법 지팡이,이빨,메이스,날개,단도,활,창,슬링,마술봉,채찍,낫,손톱무기,책,빗자루,쌍검,암영 구체,쌍권총,연금석,격투무기,사슬닻,대포",9,3,1,2,67,504,0,8.5,float_a,2,9,0x6c80
burning,무기,"18,20,21,22,23,24,25,26,28,30,32,33,54,55,56,57,58,61,63,68,70,80,82","한 손 검,양손 검,마법 지팡이,이빨,메이스,날개,단도,활,창,슬링,마술봉,채찍,낫,손톱무기,책,빗자루,쌍검,암영 구체,쌍권총,연금석,격투무기,사슬닻,대포",9,3,1,3,66,504,0,8.5,float_a,2,9,0x6c98
burning,무기,"18,20,21,22,23,24,25,26,28,30,32,33,54,55,56,57,58,61,63,68,70,80,82","한 손 검,양손 검,마법 지팡이,이빨,메이스,날개,단도,활,창,슬링,마술봉,채찍,낫,손톱무기,책,빗자루,쌍검,암영 구체,쌍권총,연금석,격투무기,사슬닻,대포",9,3,1,4,64,504,0,8.5,float_a,2,9,0x6cb0
burning,무기,"18,20,21,22,23,24,25,26,28,30,32,33,54,55,56,57,58,61,63,68,70,80,82","한 손 검,양손 검,마법 지팡이,이빨,메이스,날개,단도,활,창,슬링,마술봉,채찍,낫,손톱무기,책,빗자루,쌍검,암영 구체,쌍권총,연금석,격투무기,사슬닻,대포",9,3,1,5,65,504,0,8.5,float_a,2,9,0x6cc8
burning,무기,"18,20,21,22,23,24,25,26,28,30,32,33,54,55,56,57,58,61,63,68,70,80,82","한 손 검,양손 검,마법 지팡이,이빨,메이스,날개,단도,활,창,슬링,마술봉,채찍,낫,손톱무기,책,빗자루,쌍검,암영 구체,쌍권총,연금석,격투무기,사슬닻,대포",9,3,1,6,68,504,0,8.5,float_a,2,9,0x6ce0
burning,무기,"18,20,21,22,23,24,25,26,28,30,32,33,54,55,56,57,58,61,63,68,70,80,82","한 손 검,양손 검,마법 지팡이,이빨,메이스,날개,단도,활,창,슬링,마술봉,채찍,낫,손톱무기,책,빗자루,쌍검,암영 구체,쌍권총,연금석,격투무기,사슬닻,대포",9,3,1,7,69,504,0,8.5,float_a,2,9,0x6cf8
burning,무기,"18,20,21,22,23,24,25,26,28,30,32,33,54,55,56,57,58,61,63,68,70,80,82","한 손 검,양손 검,마법 지팡이,이빨,메이스,날개,단도,활,창,슬링,마술봉,채찍,낫,손톱무기,책,빗자루,쌍검,암영 구체,쌍권총,연금석,격투무기,사슬닻,대포",9,3,1,8,327,252,0,3.5,float_a,2,9,0x6d10
burning,무기,"18,20,21,22,23,24,25,26,28,30,32,33,54,55,56,57,58,61,63,68,70,80,82","한 손 검,양손 검,마법 지팡이,이빨,메이스,날개,단도,활,창,슬링,마술봉,채찍,낫,손톱무기,책,빗자루,쌍검,암영 구체,쌍권총,연금석,격투무기,사슬닻,대포",9,3,1,9,63,655,0,5,float_a,3,9,0x6d28
burning,무기,"18,20,21,22,23,24,25,26,28,30,32,33,54,55,56,57,58,61,63,68,70,80,82","한 손 검,양손 검,마법 지팡이,이빨,메이스,날개,단도,활,창,슬링,마술봉,채찍,낫,손톱무기,책,빗자루,쌍검,암영 구체,쌍권총,연금석,격투무기,사슬닻,대포",9,3,1,10,67,655,0,5,float_a,3,9,0x6d40
burning,무기,"18,20,21,22,23,24,25,26,28,30,32,33,54,55,56,57,58,61,63,68,70,80,82","한 손 검,양손 검,마법 지팡이,이빨,메이스,날개,단도,활,창,슬링,마술봉,채찍,낫,손톱무기,책,빗자루,쌍검,암영 구체,쌍권총,연금석,격투무기,사슬닻,대포",9,3,1,11,66,655,0,5,float_a,3,9,0x6d58
burning,무기,"18,20,21,22,23,24,25,26,28,30,32,33,54,55,56,57,58,61,63,68,70,80,82","한 손 검,양손 검,마법 지팡이,이빨,메이스,날개,단도,활,창,슬링,마술봉,채찍,낫,손톱무기,책,빗자루,쌍검,암영 구체,쌍권총,연금석,격투무기,사슬닻,대포",9,3,1,12,64,655,0,5,float_a,3,9,0x6d70
burning,무기,"18,20,21,22,23,24,25,26,28,30,32,33,54,55,56,57,58,61,63,68,70,80,82","한 손 검,양손 검,마법 지팡이,이빨,메이스,날개,단도,활,창,슬링,마술봉,채찍,낫,손톱무기,책,빗자루,쌍검,암영 구체,쌍권총,연금석,격투무기,사슬닻,대포",9,3,1,13,65,655,0,5,float_a,3,9,0x6d88
burning,무기,"18,20,21,22,23,24,25,26,28,30,32,33,54,55,56,57,58,61,63,68,70,80,82","한 손 검,양손 검,마법 지팡이,이빨,메이스,날개,단도,활,창,슬링,마술봉,채찍,낫,손톱무기,책,빗자루,쌍검,암영 구체,쌍권총,연금석,격투무기,사슬닻,대포",9,3,1,14,68,655,0,5,float_a,3,9,0x6da0
burning,무기,"18,20,21,22,23,24,25,26,28,30,32,33,54,55,56,57,58,61,63,68,70,80,82","한 손 검,양손 검,마법 지팡이,이빨,메이스,날개,단도,활,창,슬링,마술봉,채찍,낫,손톱무기,책,빗자루,쌍검,암영 구체,쌍권총,연금석,격투무기,사슬닻,대포",9,3,1,15,69,655,0,5,float_a,3,9,0x6db8
burning,무기,"18,20,21,22,23,24,25,26,28,30,32,33,54,55,56,57,58,61,63,68,70,80,82","한 손 검,양손 검,마법 지팡이,이빨,메이스,날개,단도,활,창,슬링,마술봉,채찍,낫,손톱무기,책,빗자루,쌍검,암영 구체,쌍권총,연금석,격투무기,사슬닻,대포",9,3,1,16,327,328,0,2,float_a,3,9,0x6dd0
burning,무기,"18,20,21,22,23,24,25,26,28,30,32,33,54,55,56,57,58,61,63,68,70,80,82","한 손 검,양손 검,마법 지팡이,이빨,메이스,날개,단도,활,창,슬링,마술봉,채찍,낫,손톱무기,책,빗자루,쌍검,암영 구체,쌍권총,연금석,격투무기,사슬닻,대포",9,3,2,1,796,2,1,5.32,float_a,2,9,0x6f50
burning,무기,"18,20,21,22,23,24,25,26,28,30,32,33,54,55,56,57,58,61,63,68,70,80,82","한 손 검,양손 검,마법 지팡이,이빨,메이스,날개,단도,활,창,슬링,마술봉,채찍,낫,손톱무기,책,빗자루,쌍검,암영 구체,쌍권총,연금석,격투무기,사슬닻,대포",9,3,2,2,797,2,1,5.32,float_a,2,9,0x6f68
burning,무기,"18,20,21,22,23,24,25,26,28,30,32,33,54,55,56,57,58,61,63,68,70,80,82","한 손 검,양손 검,마법 지팡이,이빨,메이스,날개,단도,활,창,슬링,마술봉,채찍,낫,손톱무기,책,빗자루,쌍검,암영 구체,쌍권총,연금석,격투무기,사슬닻,대포",9,3,2,3,800,2,1,5.32,float_a,2,9,0x6f80
burning,무기,"18,20,21,22,23,24,25,26,28,30,32,33,54,55,56,57,58,61,63,68,70,80,82","한 손 검,양손 검,마법 지팡이,이빨,메이스,날개,단도,활,창,슬링,마술봉,채찍,낫,손톱무기,책,빗자루,쌍검,암영 구체,쌍권총,연금석,격투무기,사슬닻,대포",9,3,2,4,798,2,1,5.32,float_a,2,9,0x6f98
burning,무기,"18,20,21,22,23,24,25,26,28,30,32,33,54,55,56,57,58,61,63,68,70,80,82","한 손 검,양손 검,마법 지팡이,이빨,메이스,날개,단도,활,창,슬링,마술봉,채찍,낫,손톱무기,책,빗자루,쌍검,암영 구체,쌍권총,연금석,격투무기,사슬닻,대포",9,3,2,5,799,2,1,5.32,float_a,2,9,0x6fb0
burning,무기,"18,20,21,22,23,24,25,26,28,30,32,33,54,55,56,57,58,61,63,68,70,80,82","한 손 검,양손 검,마법 지팡이,이빨,메이스,날개,단도,활,창,슬링,마술봉,채찍,낫,손톱무기,책,빗자루,쌍검,암영 구체,쌍권총,연금석,격투무기,사슬닻,대포",9,3,2,6,801,2,1,5.32,float_a,2,9,0x6fc8
burning,무기,"18,20,21,22,23,24,25,26,28,30,32,33,54,55,56,57,58,61,63,68,70,80,82","한 손 검,양손 검,마법 지팡이,이빨,메이스,날개,단도,활,창,슬링,마술봉,채찍,낫,손톱무기,책,빗자루,쌍검,암영 구체,쌍권총,연금석,격투무기,사슬닻,대포",9,3,2,7,802,2,1,5.32,float_a,2,9,0x6fe0
burning,무기,"18,20,21,22,23,24,25,26,28,30,32,33,54,55,56,57,58,61,63,68,70,80,82","한 손 검,양손 검,마법 지팡이,이빨,메이스,날개,단도,활,창,슬링,마술봉,채찍,낫,손톱무기,책,빗자루,쌍검,암영 구체,쌍권총,연금석,격투무기,사슬닻,대포",9,3,2,8,461,14,0,1,float_a,1,9,0x6ff8
burning,무기,"18,20,21,22,23,24,25,26,28,30,32,33,54,55,56,57,58,61,63,68,70,80,82","한 손 검,양손 검,마법 지팡이,이빨,메이스,날개,단도,활,창,슬링,마술봉,채찍,낫,손톱무기,책,빗자루,쌍검,암영 구체,쌍권총,연금석,격투무기,사슬닻,대포",9,3,2,9,461,15,0,0.5,float_a,2,9,0x7010
burning,무기,"18,20,21,22,23,24,25,26,28,30,32,33,54,55,56,57,58,61,63,68,70,80,82","한 손 검,양손 검,마법 지팡이,이빨,메이스,날개,단도,활,창,슬링,마술봉,채찍,낫,손톱무기,책,빗자루,쌍검,암영 구체,쌍권총,연금석,격투무기,사슬닻,대포",9,3,2,10,464,14,0,1,float_a,1,9,0x7028
burning,무기,"18,20,21,22,23,24,25,26,28,30,32,33,54,55,56,57,58,61,63,68,70,80,82","한 손 검,양손 검,마법 지팡이,이빨,메이스,날개,단도,활,창,슬링,마술봉,채찍,낫,손톱무기,책,빗자루,쌍검,암영 구체,쌍권총,연금석,격투무기,사슬닻,대포",9,3,2,11,464,15,0,0.5,float_a,2,9,0x7040
burning,무기,"18,20,21,22,23,24,25,26,28,30,32,33,54,55,56,57,58,61,63,68,70,80,82","한 손 검,양손 검,마법 지팡이,이빨,메이스,날개,단도,활,창,슬링,마술봉,채찍,낫,손톱무기,책,빗자루,쌍검,암영 구체,쌍권총,연금석,격투무기,사슬닻,대포",9,3,2,12,70,14,0,5.32,float_a,1,9,0x7058
burning,무기,"18,20,21,22,23,24,25,26,28,30,32,33,54,55,56,57,58,61,63,68,70,80,82","한 손 검,양손 검,마법 지팡이,이빨,메이스,날개,단도,활,창,슬링,마술봉,채찍,낫,손톱무기,책,빗자루,쌍검,암영 구체,쌍권총,연금석,격투무기,사슬닻,대포",9,3,2,13,70,18,0,3,float_a,2,9,0x7070
burning,무기,"18,20,21,22,23,24,25,26,28,30,32,33,54,55,56,57,58,61,63,68,70,80,82","한 손 검,양손 검,마법 지팡이,이빨,메이스,날개,단도,활,창,슬링,마술봉,채찍,낫,손톱무기,책,빗자루,쌍검,암영 구체,쌍권총,연금석,격투무기,사슬닻,대포",9,3,2,14,460,72,0,5.32,float_a,1,9,0x7088
burning,무기,"18,20,21,22,23,24,25,26,28,30,32,33,54,55,56,57,58,61,63,68,70,80,82","한 손 검,양손 검,마법 지팡이,이빨,메이스,날개,단도,활,창,슬링,마술봉,채찍,낫,손톱무기,책,빗자루,쌍검,암영 구체,쌍권총,연금석,격투무기,사슬닻,대포",9,3,2,15,460,86,0,3,float_a,2,9,0x70a0
burning,무기,"18,20,21,22,23,24,25,26,28,30,32,33,54,55,56,57,58,61,63,68,70,80,82","한 손 검,양손 검,마법 지팡이,이빨,메이스,날개,단도,활,창,슬링,마술봉,채찍,낫,손톱무기,책,빗자루,쌍검,암영 구체,쌍권총,연금석,격투무기,사슬닻,대포",9,3,2,16,623,10,0,3,float_a,1,9,0x70b8
burning,무기,"18,20,21,22,23,24,25,26,28,30,32,33,54,55,56,57,58,61,63,68,70,80,82","한 손 검,양손 검,마법 지팡이,이빨,메이스,날개,단도,활,창,슬링,마술봉,채찍,낫,손톱무기,책,빗자루,쌍검,암영 구체,쌍권총,연금석,격투무기,사슬닻,대포",9,3,2,17,623,13,0,1,float_a,2,9,0x70d0
burning,무기,"18,20,21,22,23,24,25,26,28,30,32,33,54,55,56,57,58,61,63,68,70,80,82","한 손 검,양손 검,마법 지팡이,이빨,메이스,날개,단도,활,창,슬링,마술봉,채찍,낫,손톱무기,책,빗자루,쌍검,암영 구체,쌍권총,연금석,격투무기,사슬닻,대포",9,3,2,18,201,30,0,5.32,float_a,1,9,0x70e8
burning,무기,"18,20,21,22,23,24,25,26,28,30,32,33,54,55,56,57,58,61,63,68,70,80,82","한 손 검,양손 검,마법 지팡이,이빨,메이스,날개,단도,활,창,슬링,마술봉,채찍,낫,손톱무기,책,빗자루,쌍검,암영 구체,쌍권총,연금석,격투무기,사슬닻,대포",9,3,2,19,201,40,0,3,float_a,2,9,0x7100
burning,무기,"18,20,21,22,23,24,25,26,28,30,32,33,54,55,56,57,58,61,63,68,70,80,82","한 손 검,양손 검,마법 지팡이,이빨,메이스,날개,단도,활,창,슬링,마술봉,채찍,낫,손톱무기,책,빗자루,쌍검,암영 구체,쌍권총,연금석,격투무기,사슬닻,대포",9,3,2,20,74,14,0,5.32,float_a,1,9,0x7118
burning,무기,"18,20,21,22,23,24,25,26,28,30,32,33,54,55,56,57,58,61,63,68,70,80,82","한 손 검,양손 검,마법 지팡이,이빨,메이스,날개,단도,활,창,슬링,마술봉,채찍,낫,손톱무기,책,빗자루,쌍검,암영 구체,쌍권총,연금석,격투무기,사슬닻,대포",9,3,2,21,74,18,0,3,float_a,2,9,0x7130
burning,무기,"18,20,21,22,23,24,25,26,28,30,32,33,54,55,56,57,58,61,63,68,70,80,82","한 손 검,양손 검,마법 지팡이,이빨,메이스,날개,단도,활,창,슬링,마술봉,채찍,낫,손톱무기,책,빗자루,쌍검,암영 구체,쌍권총,연금석,격투무기,사슬닻,대포",9,3,2,22,72,6,0,5.32,float_a,1,9,0x7148
burning,무기,"18,20,21,22,23,24,25,26,28,30,32,33,54,55,56,57,58,61,63,68,70,80,82","한 손 검,양손 검,마법 지팡이,이빨,메이스,날개,단도,활,창,슬링,마술봉,채찍,낫,손톱무기,책,빗자루,쌍검,암영 구체,쌍권총,연금석,격투무기,사슬닻,대포",9,3,2,23,72,8,0,3,float_a,2,9,0x7160
burning,무기,"18,20,21,22,23,24,25,26,28,30,32,33,54,55,56,57,58,61,63,68,70,80,82","한 손 검,양손 검,마법 지팡이,이빨,메이스,날개,단도,활,창,슬링,마술봉,채찍,낫,손톱무기,책,빗자루,쌍검,암영 구체,쌍권총,연금석,격투무기,사슬닻,대포",9,3,2,24,109,6,0,5.32,float_a,1,9,0x7178
burning,무기,"18,20,21,22,23,24,25,26,28,30,32,33,54,55,56,57,58,61,63,68,70,80,82","한 손 검,양손 검,마법 지팡이,이빨,메이스,날개,단도,활,창,슬링,마술봉,채찍,낫,손톱무기,책,빗자루,쌍검,암영 구체,쌍권총,연금석,격투무기,사슬닻,대포",9,3,2,25,109,7,0,3,float_a,2,9,0x7190
burning,무기,"18,20,21,22,23,24,25,26,28,30,32,33,54,55,56,57,58,61,63,68,70,80,82","한 손 검,양손 검,마법 지팡이,이빨,메이스,날개,단도,활,창,슬링,마술봉,채찍,낫,손톱무기,책,빗자루,쌍검,암영 구체,쌍권총,연금석,격투무기,사슬닻,대포",9,3,2,26,752,5,0,0.5,float_a,1,9,0x71a8
burning,무기,"18,20,21,22,23,24,25,26,28,30,32,33,54,55,56,57,58,61,63,68,70,80,82","한 손 검,양손 검,마법 지팡이,이빨,메이스,날개,단도,활,창,슬링,마술봉,채찍,낫,손톱무기,책,빗자루,쌍검,암영 구체,쌍권총,연금석,격투무기,사슬닻,대포",9,3,2,27,921,0,0,5.34,float_a,1,9,0x71c0
burning,무기,"18,20,21,22,23,24,25,26,28,30,32,33,54,55,56,57,58,61,63,68,70,80,82","한 손 검,양손 검,마법 지팡이,이빨,메이스,날개,단도,활,창,슬링,마술봉,채찍,낫,손톱무기,책,빗자루,쌍검,암영 구체,쌍권총,연금석,격투무기,사슬닻,대포",9,3,3,1,724,15,0,2,float_a,2,9,0x7238
burning,무기,"18,20,21,22,23,24,25,26,28,30,32,33,54,55,56,57,58,61,63,68,70,80,82","한 손 검,양손 검,마법 지팡이,이빨,메이스,날개,단도,활,창,슬링,마술봉,채찍,낫,손톱무기,책,빗자루,쌍검,암영 구체,쌍권총,연금석,격투무기,사슬닻,대포",9,3,3,2,724,16,0,1,float_a,3,9,0x7250
burning,무기,"18,20,21,22,23,24,25,26,28,30,32,33,54,55,56,57,58,61,63,68,70,80,82","한 손 검,양손 검,마법 지팡이,이빨,메이스,날개,단도,활,창,슬링,마술봉,채찍,낫,손톱무기,책,빗자루,쌍검,암영 구체,쌍권총,연금석,격투무기,사슬닻,대포",9,3,3,3,461,23,0,2,float_a,2,9,0x7268
burning,무기,"18,20,21,22,23,24,25,26,28,30,32,33,54,55,56,57,58,61,63,68,70,80,82","한 손 검,양손 검,마법 지팡이,이빨,메이스,날개,단도,활,창,슬링,마술봉,채찍,낫,손톱무기,책,빗자루,쌍검,암영 구체,쌍권총,연금석,격투무기,사슬닻,대포",9,3,3,4,461,24,0,1,float_a,3,9,0x7280
burning,무기,"18,20,21,22,23,24,25,26,28,30,32,33,54,55,56,57,58,61,63,68,70,80,82","한 손 검,양손 검,마법 지팡이,이빨,메이스,날개,단도,활,창,슬링,마술봉,채찍,낫,손톱무기,책,빗자루,쌍검,암영 구체,쌍권총,연금석,격투무기,사슬닻,대포",9,3,3,5,464,12,0,2,float_a,2,9,0x7298
burning,무기,"18,20,21,22,23,24,25,26,28,30,32,33,54,55,56,57,58,61,63,68,70,80,82","한 손 검,양손 검,마법 지팡이,이빨,메이스,날개,단도,활,창,슬링,마술봉,채찍,낫,손톱무기,책,빗자루,쌍검,암영 구체,쌍권총,연금석,격투무기,사슬닻,대포",9,3,3,6,464,15,0,1,float_a,3,9,0x72b0
burning,무기,"18,20,21,22,23,24,25,26,28,30,32,33,54,55,56,57,58,61,63,68,70,80,82","한 손 검,양손 검,마법 지팡이,이빨,메이스,날개,단도,활,창,슬링,마술봉,채찍,낫,손톱무기,책,빗자루,쌍검,암영 구체,쌍권총,연금석,격투무기,사슬닻,대포",9,3,3,7,460,80,0,13,float_a,2,9,0x72c8
burning,무기,"18,20,21,22,23,24,25,26,28,30,32,33,54,55,56,57,58,61,63,68,70,80,82","한 손 검,양손 검,마법 지팡이,이빨,메이스,날개,단도,활,창,슬링,마술봉,채찍,낫,손톱무기,책,빗자루,쌍검,암영 구체,쌍권총,연금석,격투무기,사슬닻,대포",9,3,3,8,460,96,0,6,float_a,3,9,0x72e0
burning,무기,"18,20,21,22,23,24,25,26,28,30,32,33,54,55,56,57,58,61,63,68,70,80,82","한 손 검,양손 검,마법 지팡이,이빨,메이스,날개,단도,활,창,슬링,마술봉,채찍,낫,손톱무기,책,빗자루,쌍검,암영 구체,쌍권총,연금석,격투무기,사슬닻,대포",9,3,3,9,201,40,0,13,float_a,2,9,0x72f8
burning,무기,"18,20,21,22,23,24,25,26,28,30,32,33,54,55,56,57,58,61,63,68,70,80,82","한 손 검,양손 검,마법 지팡이,이빨,메이스,날개,단도,활,창,슬링,마술봉,채찍,낫,손톱무기,책,빗자루,쌍검,암영 구체,쌍권총,연금석,격투무기,사슬닻,대포",9,3,3,10,201,50,0,6,float_a,3,9,0x7310
burning,무기,"18,20,21,22,23,24,25,26,28,30,32,33,54,55,56,57,58,61,63,68,70,80,82","한 손 검,양손 검,마법 지팡이,이빨,메이스,날개,단도,활,창,슬링,마술봉,채찍,낫,손톱무기,책,빗자루,쌍검,암영 구체,쌍권총,연금석,격투무기,사슬닻,대포",9,3,3,11,752,10,0,2,float_a,2,9,0x7328
burning,무기,"18,20,21,22,23,24,25,26,28,30,32,33,54,55,56,57,58,61,63,68,70,80,82","한 손 검,양손 검,마법 지팡이,이빨,메이스,날개,단도,활,창,슬링,마술봉,채찍,낫,손톱무기,책,빗자루,쌍검,암영 구체,쌍권총,연금석,격투무기,사슬닻,대포",9,3,3,12,752,12,0,1,float_a,3,9,0x7340
burning,무기,"18,20,21,22,23,24,25,26,28,30,32,33,54,55,56,57,58,61,63,68,70,80,82","한 손 검,양손 검,마법 지팡이,이빨,메이스,날개,단도,활,창,슬링,마술봉,채찍,낫,손톱무기,책,빗자루,쌍검,암영 구체,쌍권총,연금석,격투무기,사슬닻,대포",9,3,3,13,109,7,0,10,float_a,2,9,0x7358
burning,무기,"18,20,21,22,23,24,25,26,28,30,32,33,54,55,56,57,58,61,63,68,70,80,82","한 손 검,양손 검,마법 지팡이,이빨,메이스,날개,단도,활,창,슬링,마술봉,채찍,낫,손톱무기,책,빗자루,쌍검,암영 구체,쌍권총,연금석,격투무기,사슬닻,대포",9,3,3,14,109,8,0,6,float_a,3,9,0x7370
burning,무기,"18,20,21,22,23,24,25,26,28,30,32,33,54,55,56,57,58,61,63,68,70,80,82","한 손 검,양손 검,마법 지팡이,이빨,메이스,날개,단도,활,창,슬링,마술봉,채찍,낫,손톱무기,책,빗자루,쌍검,암영 구체,쌍권총,연금석,격투무기,사슬닻,대포",9,3,3,15,623,15,0,3,float_a,2,9,0x7388
burning,무기,"18,20,21,22,23,24,25,26,28,30,32,33,54,55,56,57,58,61,63,68,70,80,82","한 손 검,양손 검,마법 지팡이,이빨,메이스,날개,단도,활,창,슬링,마술봉,채찍,낫,손톱무기,책,빗자루,쌍검,암영 구체,쌍권총,연금석,격투무기,사슬닻,대포",9,3,3,16,623,20,0,1,float_a,3,9,0x73a0
burning,무기,"18,20,21,22,23,24,25,26,28,30,32,33,54,55,56,57,58,61,63,68,70,80,82","한 손 검,양손 검,마법 지팡이,이빨,메이스,날개,단도,활,창,슬링,마술봉,채찍,낫,손톱무기,책,빗자루,쌍검,암영 구체,쌍권총,연금석,격투무기,사슬닻,대포",9,3,3,17,194,30,0,4,float_a,2,9,0x73b8
burning,무기,"18,20,21,22,23,24,25,26,28,30,32,33,54,55,56,57,58,61,63,68,70,80,82","한 손 검,양손 검,마법 지팡이,이빨,메이스,날개,단도,활,창,슬링,마술봉,채찍,낫,손톱무기,책,빗자루,쌍검,암영 구체,쌍권총,연금석,격투무기,사슬닻,대포",9,3,3,18,194,40,0,2,float_a,3,9,0x73d0
burning,무기,"18,20,21,22,23,24,25,26,28,30,32,33,54,55,56,57,58,61,63,68,70,80,82","한 손 검,양손 검,마법 지팡이,이빨,메이스,날개,단도,활,창,슬링,마술봉,채찍,낫,손톱무기,책,빗자루,쌍검,암영 구체,쌍권총,연금석,격투무기,사슬닻,대포",9,3,3,19,54,36,0,4,float_a,2,9,0x73e8
burning,무기,"18,20,21,22,23,24,25,26,28,30,32,33,54,55,56,57,58,61,63,68,70,80,82","한 손 검,양손 검,마법 지팡이,이빨,메이스,날개,단도,활,창,슬링,마술봉,채찍,낫,손톱무기,책,빗자루,쌍검,암영 구체,쌍권총,연금석,격투무기,사슬닻,대포",9,3,3,20,54,43,0,2,float_a,3,9,0x7400
burning,무기,"18,20,21,22,23,24,25,26,28,30,32,33,54,55,56,57,58,61,63,68,70,80,82","한 손 검,양손 검,마법 지팡이,이빨,메이스,날개,단도,활,창,슬링,마술봉,채찍,낫,손톱무기,책,빗자루,쌍검,암영 구체,쌍권총,연금석,격투무기,사슬닻,대포",9,3,3,21,729,12,0,4,float_a,2,9,0x7418
burning,무기,"18,20,21,22,23,24,25,26,28,30,32,33,54,55,56,57,58,61,63,68,70,80,82","한 손 검,양손 검,마법 지팡이,이빨,메이스,날개,단도,활,창,슬링,마술봉,채찍,낫,손톱무기,책,빗자루,쌍검,암영 구체,쌍권총,연금석,격투무기,사슬닻,대포",9,3,3,22,729,14,0,2,float_a,3,9,0x7430
burning,무기,"18,20,21,22,23,24,25,26,28,30,32,33,54,55,56,57,58,61,63,68,70,80,82","한 손 검,양손 검,마법 지팡이,이빨,메이스,날개,단도,활,창,슬링,마술봉,채찍,낫,손톱무기,책,빗자루,쌍검,암영 구체,쌍권총,연금석,격투무기,사슬닻,대포",9,3,3,23,74,26,0,7,float_a,2,9,0x7448
burning,무기,"18,20,21,22,23,24,25,26,28,30,32,33,54,55,56,57,58,61,63,68,70,80,82","한 손 검,양손 검,마법 지팡이,이빨,메이스,날개,단도,활,창,슬링,마술봉,채찍,낫,손톱무기,책,빗자루,쌍검,암영 구체,쌍권총,연금석,격투무기,사슬닻,대포",9,3,3,24,74,31,0,5,float_a,3,9,0x7460
burning,무기,"18,20,21,22,23,24,25,26,28,30,32,33,54,55,56,57,58,61,63,68,70,80,82","한 손 검,양손 검,마법 지팡이,이빨,메이스,날개,단도,활,창,슬링,마술봉,채찍,낫,손톱무기,책,빗자루,쌍검,암영 구체,쌍권총,연금석,격투무기,사슬닻,대포",9,3,4,1,461,15,0,1,float_a,2,9,0x7520
burning,무기,"18,20,21,22,23,24,25,26,28,30,32,33,54,55,56,57,58,61,63,68,70,80,82","한 손 검,양손 검,마법 지팡이,이빨,메이스,날개,단도,활,창,슬링,마술봉,채찍,낫,손톱무기,책,빗자루,쌍검,암영 구체,쌍권총,연금석,격투무기,사슬닻,대포",9,3,4,2,461,16,0,0.5,float_a,3,9,0x7538
burning,무기,"18,20,21,22,23,24,25,26,28,30,32,33,54,55,56,57,58,61,63,68,70,80,82","한 손 검,양손 검,마법 지팡이,이빨,메이스,날개,단도,활,창,슬링,마술봉,채찍,낫,손톱무기,책,빗자루,쌍검,암영 구체,쌍권총,연금석,격투무기,사슬닻,대포",9,3,4,3,464,15,0,1,float_a,2,9,0x7550
burning,무기,"18,20,21,22,23,24,25,26,28,30,32,33,54,55,56,57,58,61,63,68,70,80,82","한 손 검,양손 검,마법 지팡이,이빨,메이스,날개,단도,활,창,슬링,마술봉,채찍,낫,손톱무기,책,빗자루,쌍검,암영 구체,쌍권총,연금석,격투무기,사슬닻,대포",9,3,4,4,464,16,0,0.5,float_a,3,9,0x7568
burning,무기,"18,20,21,22,23,24,25,26,28,30,32,33,54,55,56,57,58,61,63,68,70,80,82","한 손 검,양손 검,마법 지팡이,이빨,메이스,날개,단도,활,창,슬링,마술봉,채찍,낫,손톱무기,책,빗자루,쌍검,암영 구체,쌍권총,연금석,격투무기,사슬닻,대포",9,3,4,5,460,80,0,15,float_a,2,9,0x7580
burning,무기,"18,20,21,22,23,24,25,26,28,30,32,33,54,55,56,57,58,61,63,68,70,80,82","한 손 검,양손 검,마법 지팡이,이빨,메이스,날개,단도,활,창,슬링,마술봉,채찍,낫,손톱무기,책,빗자루,쌍검,암영 구체,쌍권총,연금석,격투무기,사슬닻,대포",9,3,4,6,460,96,0,6,float_a,3,9,0x7598
burning,무기,"18,20,21,22,23,24,25,26,28,30,32,33,54,55,56,57,58,61,63,68,70,80,82","한 손 검,양손 검,마법 지팡이,이빨,메이스,날개,단도,활,창,슬링,마술봉,채찍,낫,손톱무기,책,빗자루,쌍검,암영 구체,쌍권총,연금석,격투무기,사슬닻,대포",9,3,4,7,201,40,0,15,float_a,2,9,0x75b0
burning,무기,"18,20,21,22,23,24,25,26,28,30,32,33,54,55,56,57,58,61,63,68,70,80,82","한 손 검,양손 검,마법 지팡이,이빨,메이스,날개,단도,활,창,슬링,마술봉,채찍,낫,손톱무기,책,빗자루,쌍검,암영 구체,쌍권총,연금석,격투무기,사슬닻,대포",9,3,4,8,201,50,0,7,float_a,3,9,0x75c8
burning,무기,"18,20,21,22,23,24,25,26,28,30,32,33,54,55,56,57,58,61,63,68,70,80,82","한 손 검,양손 검,마법 지팡이,이빨,메이스,날개,단도,활,창,슬링,마술봉,채찍,낫,손톱무기,책,빗자루,쌍검,암영 구체,쌍권총,연금석,격투무기,사슬닻,대포",9,3,4,9,752,7,0,1,float_a,1,9,0x75e0
burning,무기,"18,20,21,22,23,24,25,26,28,30,32,33,54,55,56,57,58,61,63,68,70,80,82","한 손 검,양손 검,마법 지팡이,이빨,메이스,날개,단도,활,창,슬링,마술봉,채찍,낫,손톱무기,책,빗자루,쌍검,암영 구체,쌍권총,연금석,격투무기,사슬닻,대포",9,3,4,10,752,9,0,0.5,float_a,2,9,0x75f8
burning,무기,"18,20,21,22,23,24,25,26,28,30,32,33,54,55,56,57,58,61,63,68,70,80,82","한 손 검,양손 검,마법 지팡이,이빨,메이스,날개,단도,활,창,슬링,마술봉,채찍,낫,손톱무기,책,빗자루,쌍검,암영 구체,쌍권총,연금석,격투무기,사슬닻,대포",9,3,4,11,623,25,0,6,float_a,2,9,0x7610
burning,무기,"18,20,21,22,23,24,25,26,28,30,32,33,54,55,56,57,58,61,63,68,70,80,82","한 손 검,양손 검,마법 지팡이,이빨,메이스,날개,단도,활,창,슬링,마술봉,채찍,낫,손톱무기,책,빗자루,쌍검,암영 구체,쌍권총,연금석,격투무기,사슬닻,대포",9,3,4,12,623,32,0,3,float_a,3,9,0x7628
burning,무기,"18,20,21,22,23,24,25,26,28,30,32,33,54,55,56,57,58,61,63,68,70,80,82","한 손 검,양손 검,마법 지팡이,이빨,메이스,날개,단도,활,창,슬링,마술봉,채찍,낫,손톱무기,책,빗자루,쌍검,암영 구체,쌍권총,연금석,격투무기,사슬닻,대포",9,3,4,13,472,36,0,6,float_a,1,9,0x7640
burning,무기,"18,20,21,22,23,24,25,26,28,30,32,33,54,55,56,57,58,61,63,68,70,80,82","한 손 검,양손 검,마법 지팡이,이빨,메이스,날개,단도,활,창,슬링,마술봉,채찍,낫,손톱무기,책,빗자루,쌍검,암영 구체,쌍권총,연금석,격투무기,사슬닻,대포",9,3,4,14,472,46,0,3,float_a,2,9,0x7658
burning,무기,"18,20,21,22,23,24,25,26,28,30,32,33,54,55,56,57,58,61,63,68,70,80,82","한 손 검,양손 검,마법 지팡이,이빨,메이스,날개,단도,활,창,슬링,마술봉,채찍,낫,손톱무기,책,빗자루,쌍검,암영 구체,쌍권총,연금석,격투무기,사슬닻,대포",9,3,4,15,109,8,0,6.5,float_a,2,9,0x7670
burning,무기,"18,20,21,22,23,24,25,26,28,30,32,33,54,55,56,57,58,61,63,68,70,80,82","한 손 검,양손 검,마법 지팡이,이빨,메이스,날개,단도,활,창,슬링,마술봉,채찍,낫,손톱무기,책,빗자루,쌍검,암영 구체,쌍권총,연금석,격투무기,사슬닻,대포",9,3,4,16,109,10,0,3,float_a,3,9,0x7688
burning,무기,"18,20,21,22,23,24,25,26,28,30,32,33,54,55,56,57,58,61,63,68,70,80,82","한 손 검,양손 검,마법 지팡이,이빨,메이스,날개,단도,활,창,슬링,마술봉,채찍,낫,손톱무기,책,빗자루,쌍검,암영 구체,쌍권총,연금석,격투무기,사슬닻,대포",9,3,4,17,74,14,0,15,float_a,2,9,0x76a0
burning,무기,"18,20,21,22,23,24,25,26,28,30,32,33,54,55,56,57,58,61,63,68,70,80,82","한 손 검,양손 검,마법 지팡이,이빨,메이스,날개,단도,활,창,슬링,마술봉,채찍,낫,손톱무기,책,빗자루,쌍검,암영 구체,쌍권총,연금석,격투무기,사슬닻,대포",9,3,4,18,74,20,0,7,float_a,3,9,0x76b8
burning,무기,"18,20,21,22,23,24,25,26,28,30,32,33,54,55,56,57,58,61,63,68,70,80,82","한 손 검,양손 검,마법 지팡이,이빨,메이스,날개,단도,활,창,슬링,마술봉,채찍,낫,손톱무기,책,빗자루,쌍검,암영 구체,쌍권총,연금석,격투무기,사슬닻,대포",9,3,4,19,724,8,0,1,float_a,1,9,0x76d0
burning,무기,"18,20,21,22,23,24,25,26,28,30,32,33,54,55,56,57,58,61,63,68,70,80,82","한 손 검,양손 검,마법 지팡이,이빨,메이스,날개,단도,활,창,슬링,마술봉,채찍,낫,손톱무기,책,빗자루,쌍검,암영 구체,쌍권총,연금석,격투무기,사슬닻,대포",9,3,4,20,704,2,0,0.5,float_a,1,9,0x76e8
burning,무기,"18,20,21,22,23,24,25,26,28,30,32,33,54,55,56,57,58,61,63,68,70,80,82","한 손 검,양손 검,마법 지팡이,이빨,메이스,날개,단도,활,창,슬링,마술봉,채찍,낫,손톱무기,책,빗자루,쌍검,암영 구체,쌍권총,연금석,격투무기,사슬닻,대포",9,3,4,21,706,4,0,0.5,float_a,1,9,0x7700
burning,무기,"18,20,21,22,23,24,25,26,28,30,32,33,54,55,56,57,58,61,63,68,70,80,82","한 손 검,양손 검,마법 지팡이,이빨,메이스,날개,단도,활,창,슬링,마술봉,채찍,낫,손톱무기,책,빗자루,쌍검,암영 구체,쌍권총,연금석,격투무기,사슬닻,대포",9,3,4,22,723,10,0,0.5,float_a,1,9,0x7718
burning,무기,"18,20,21,22,23,24,25,26,28,30,32,33,54,55,56,57,58,61,63,68,70,80,82","한 손 검,양손 검,마법 지팡이,이빨,메이스,날개,단도,활,창,슬링,마술봉,채찍,낫,손톱무기,책,빗자루,쌍검,암영 구체,쌍권총,연금석,격투무기,사슬닻,대포",9,3,4,23,754,5,0,0.5,float_a,1,9,0x7730
burning,피리,29,피리,9,3,1,1,63,504,0,8.5,float_a,2,20,0xeda8
burning,피리,29,피리,9,3,1,2,67,504,0,8.5,float_a,2,20,0xedc0
burning,피리,29,피리,9,3,1,3,66,504,0,8.5,float_a,2,20,0xedd8
burning,피리,29,피리,9,3,1,4,64,504,0,8.5,float_a,2,20,0xedf0
burning,피리,29,피리,9,3,1,5,65,504,0,8.5,float_a,2,20,0xee08
burning,피리,29,피리,9,3,1,6,68,504,0,8.5,float_a,2,20,0xee20
burning,피리,29,피리,9,3,1,7,69,504,0,8.5,float_a,2,20,0xee38
burning,피리,29,피리,9,3,1,8,327,252,0,3.5,float_a,2,20,0xee50
burning,피리,29,피리,9,3,1,9,63,655,0,5,float_a,3,20,0xee68
burning,피리,29,피리,9,3,1,10,67,655,0,5,float_a,3,20,0xee80
burning,피리,29,피리,9,3,1,11,66,655,0,5,float_a,3,20,0xee98
burning,피리,29,피리,9,3,1,12,64,655,0,5,float_a,3,20,0xeeb0
burning,피리,29,피리,9,3,1,13,65,655,0,5,float_a,3,20,0xeec8
burning,피리,29,피리,9,3,1,14,68,655,0,5,float_a,3,20,0xeee0
burning,피리,29,피리,9,3,1,15,69,655,0,5,float_a,3,20,0xeef8
burning,피리,29,피리,9,3,1,16,327,328,0,2,float_a,3,20,0xef10
burning,피리,29,피리,9,3,2,1,796,2,1,5,float_a,2,20,0xf090
burning,피리,29,피리,9,3,2,2,797,2,1,5,float_a,2,20,0xf0a8
burning,피리,29,피리,9,3,2,3,800,2,1,5,float_a,2,20,0xf0c0
burning,피리,29,피리,9,3,2,4,798,2,1,5,float_a,2,20,0xf0d8
burning,피리,29,피리,9,3,2,5,799,2,1,5,float_a,2,20,0xf0f0
burning,피리,29,피리,9,3,2,6,801,2,1,5,float_a,2,20,0xf108
burning,피리,29,피리,9,3,2,7,802,2,1,5,float_a,2,20,0xf120
burning,피리,29,피리,9,3,2,8,923,36,0,5,float_a,2,20,0xf138
burning,피리,29,피리,9,3,2,9,923,46,0,2,float_a,3,20,0xf150
burning,피리,29,피리,9,3,2,10,926,36,0,5,float_a,2,20,0xf168
burning,피리,29,피리,9,3,2,11,926,46,0,2,float_a,3,20,0xf180
burning,피리,29,피리,9,3,2,12,717,28,0,5,float_a,2,20,0xf198
burning,피리,29,피리,9,3,2,13,717,33,0,2,float_a,3,20,0xf1b0
burning,피리,29,피리,9,3,2,14,683,72,0,5,float_a,2,20,0xf1c8
burning,피리,29,피리,9,3,2,15,683,86,0,2,float_a,3,20,0xf1e0
burning,피리,29,피리,9,3,2,16,109,5,0,4.5,float_a,2,20,0xf1f8
burning,피리,29,피리,9,3,2,17,109,6,0,2,float_a,3,20,0xf210
burning,피리,29,피리,9,3,2,18,716,43,0,5,float_a,2,20,0xf228
burning,피리,29,피리,9,3,2,19,716,51,0,2,float_a,3,20,0xf240
burning,피리,29,피리,9,3,2,20,929,300,0,5,float_a,2,20,0xf258
burning,피리,29,피리,9,3,2,21,929,390,0,2,float_a,3,20,0xf270
burning,피리,29,피리,9,3,2,22,611,300,0,5,float_a,2,20,0xf288
burning,피리,29,피리,9,3,2,23,611,390,0,2,float_a,3,20,0xf2a0
burning,피리,29,피리,9,3,2,24,787,0,0,2,float_a,1,20,0xf2b8
burning,피리,29,피리,9,3,2,25,691,36,0,4.5,float_a,2,20,0xf2d0
burning,피리,29,피리,9,3,2,26,691,43,0,2,float_a,3,20,0xf2e8
burning,피리,29,피리,9,3,2,27,688,5,0,0.5,float_a,1,20,0xf300
burning,피리,29,피리,9,3,2,28,1026,5,0,0.5,float_a,1,20,0xf318
burning,피리,29,피리,9,3,3,1,924,42,0,13,float_a,2,20,0xf378
burning,피리,29,피리,9,3,3,2,924,50,0,6,float_a,3,20,0xf390
burning,피리,29,피리,9,3,3,3,682,5,0,2,float_a,2,20,0xf3a8
burning,피리,29,피리,9,3,3,4,682,6,0,1,float_a,3,20,0xf3c0
burning,피리,29,피리,9,3,3,5,716,37,0,6,float_a,2,20,0xf3d8
burning,피리,29,피리,9,3,3,6,716,44,0,3,float_a,3,20,0xf3f0
burning,피리,29,피리,9,3,3,7,109,8,0,6,float_a,2,20,0xf408
burning,피리,29,피리,9,3,3,8,109,10,0,3,float_a,3,20,0xf420
burning,피리,29,피리,9,3,3,9,683,100,0,6,float_a,2,20,0xf438
burning,피리,29,피리,9,3,3,10,683,130,0,3,float_a,3,20,0xf450
burning,피리,29,피리,9,3,3,11,717,70,0,6,float_a,2,20,0xf468
burning,피리,29,피리,9,3,3,12,717,91,0,3,float_a,3,20,0xf480
burning,피리,29,피리,9,3,3,13,729,14,0,6,float_a,2,20,0xf498
burning,피리,29,피리,9,3,3,14,729,19,0,3,float_a,3,20,0xf4b0
burning,피리,29,피리,9,3,3,15,54,43,0,6,float_a,2,20,0xf4c8
burning,피리,29,피리,9,3,3,16,54,51,0,3,float_a,3,20,0xf4e0
burning,피리,29,피리,9,3,3,17,929,360,0,6,float_a,2,20,0xf4f8
burning,피리,29,피리,9,3,3,18,929,432,0,3,float_a,3,20,0xf510
burning,피리,29,피리,9,3,3,19,611,360,0,6,float_a,2,20,0xf528
burning,피리,29,피리,9,3,3,20,611,432,0,3,float_a,3,20,0xf540
burning,피리,29,피리,9,3,3,21,688,10,0,1,float_a,1,20,0xf558
burning,피리,29,피리,9,3,3,22,688,13,0,0.5,float_a,2,20,0xf570
burning,피리,29,피리,9,3,3,23,745,10,0,1,float_a,1,20,0xf588
burning,피리,29,피리,9,3,3,24,745,13,0,0.5,float_a,2,20,0xf5a0
burning,피리,29,피리,9,3,3,25,686,10,0,1,float_a,1,20,0xf5b8
burning,피리,29,피리,9,3,3,26,686,13,0,0.5,float_a,2,20,0xf5d0
burning,피리,29,피리,9,3,3,27,1026,10,0,1,float_a,1,20,0xf5e8
burning,피리,29,피리,9,3,3,28,1026,13,0,0.5,float_a,2,20,0xf600
burning,피리,29,피리,9,3,4,1,925,172,0,7,float_a,1,20,0xf660
burning,피리,29,피리,9,3,4,2,925,206,0,3,float_a,1,20,0xf678
burning,피리,29,피리,9,3,4,3,928,50,0,7,float_a,2,20,0xf690
burning,피리,29,피리,9,3,4,4,928,60,0,3,float_a,2,20,0xf6a8
burning,피리,29,피리,9,3,4,5,716,33,0,7,float_a,3,20,0xf6c0
burning,피리,29,피리,9,3,4,6,716,40,0,3,float_a,3,20,0xf6d8
burning,피리,29,피리,9,3,4,7,109,14,0,7,float_a,1,20,0xf6f0
burning,피리,29,피리,9,3,4,8,109,16,0,3,float_a,1,20,0xf708
burning,피리,29,피리,9,3,4,9,695,90,0,7,float_a,2,20,0xf720
burning,피리,29,피리,9,3,4,10,695,100,0,3,float_a,3,20,0xf738
burning,피리,29,피리,9,3,4,11,719,43,0,7,float_a,1,20,0xf750
burning,피리,29,피리,9,3,4,12,719,51,0,3,float_a,2,20,0xf768
burning,피리,29,피리,9,3,4,13,472,43,0,3,float_a,3,20,0xf780
burning,피리,29,피리,9,3,4,14,472,51,0,1,float_a,1,20,0xf798
burning,피리,29,피리,9,3,4,15,110,10,0,6,float_a,1,20,0xf7b0
burning,피리,29,피리,9,3,4,16,110,12,0,3,float_a,1,20,0xf7c8
burning,피리,29,피리,9,3,4,17,682,5,0,2,float_a,2,20,0xf7e0
burning,피리,29,피리,9,3,4,18,682,6,0,1,float_a,3,20,0xf7f8
burning,피리,29,피리,9,3,4,19,683,100,0,6,float_a,1,20,0xf810
burning,피리,29,피리,9,3,4,20,683,130,0,3,float_a,2,20,0xf828
burning,피리,29,피리,9,3,4,21,717,70,0,6,float_a,3,20,0xf840
burning,피리,29,피리,9,3,4,22,717,91,0,3,float_a,1,20,0xf858
burning,피리,29,피리,9,3,4,23,688,10,0,1,float_a,2,20,0xf870
burning,피리,29,피리,9,3,4,24,688,13,0,0.5,float_a,3,20,0xf888
burning,피리,29,피리,9,3,4,25,745,10,0,1,float_a,1,20,0xf8a0
burning,피리,29,피리,9,3,4,26,745,13,0,0.5,float_a,2,20,0xf8b8
burning,피리,29,피리,9,3,4,27,690,5,0,1,float_a,1,20,0xf8d0
burning,피리,29,피리,9,3,4,28,1027,5,0,0.5,float_a,1,20,0xf8e8
burning,피리,29,피리,9,3,4,29,704,2,0,1,float_a,1,20,0xf900
burning,피리,29,피리,9,3,4,30,706,4,0,0.5,float_a,1,20,0xf918
burning,공용 갑옷,16,공용 갑옷,9,3,1,1,63,288,0,8.5,float_a,2,31,0x16e38
burning,공용 갑옷,16,공용 갑옷,9,3,1,2,67,288,0,8.5,float_a,2,31,0x16e50
burning,공용 갑옷,16,공용 갑옷,9,3,1,3,66,288,0,8.5,float_a,2,31,0x16e68
burning,공용 갑옷,16,공용 갑옷,9,3,1,4,64,288,0,8.5,float_a,2,31,0x16e80
burning,공용 갑옷,16,공용 갑옷,9,3,1,5,65,288,0,8.5,float_a,2,31,0x16e98
burning,공용 갑옷,16,공용 갑옷,9,3,1,6,68,288,0,8.5,float_a,2,31,0x16eb0
burning,공용 갑옷,16,공용 갑옷,9,3,1,7,69,288,0,8.5,float_a,2,31,0x16ec8
burning,공용 갑옷,16,공용 갑옷,9,3,1,8,327,144,0,3.5,float_a,2,31,0x16ee0
burning,공용 갑옷,16,공용 갑옷,9,3,1,9,63,374,0,5,float_a,3,31,0x16ef8
burning,공용 갑옷,16,공용 갑옷,9,3,1,10,67,374,0,5,float_a,3,31,0x16f10
burning,공용 갑옷,16,공용 갑옷,9,3,1,11,66,374,0,5,float_a,3,31,0x16f28
burning,공용 갑옷,16,공용 갑옷,9,3,1,12,64,374,0,5,float_a,3,31,0x16f40
burning,공용 갑옷,16,공용 갑옷,9,3,1,13,65,374,0,5,float_a,3,31,0x16f58
burning,공용 갑옷,16,공용 갑옷,9,3,1,14,68,374,0,5,float_a,3,31,0x16f70
burning,공용 갑옷,16,공용 갑옷,9,3,1,15,69,374,0,5,float_a,3,31,0x16f88
burning,공용 갑옷,16,공용 갑옷,9,3,1,16,327,187,0,2,float_a,3,31,0x16fa0
burning,공용 갑옷,16,공용 갑옷,9,3,2,1,796,2,1,6.5,float_a,2,31,0x17120
burning,공용 갑옷,16,공용 갑옷,9,3,2,2,797,2,1,6.5,float_a,2,31,0x17138
burning,공용 갑옷,16,공용 갑옷,9,3,2,3,800,2,1,6.5,float_a,2,31,0x17150
burning,공용 갑옷,16,공용 갑옷,9,3,2,4,798,2,1,6.5,float_a,2,31,0x17168
burning,공용 갑옷,16,공용 갑옷,9,3,2,5,799,2,1,6.5,float_a,2,31,0x17180
burning,공용 갑옷,16,공용 갑옷,9,3,2,6,801,2,1,6.5,float_a,2,31,0x17198
burning,공용 갑옷,16,공용 갑옷,9,3,2,7,802,2,1,6.5,float_a,2,31,0x171b0
burning,공용 갑옷,16,공용 갑옷,9,3,2,8,351,180,0,17.5,float_a,1,31,0x171c8
burning,공용 갑옷,16,공용 갑옷,9,3,2,9,351,216,0,9,float_a,2,31,0x171e0
burning,공용 갑옷,16,공용 갑옷,9,3,2,10,302,28,0,17.5,float_a,1,31,0x171f8
burning,공용 갑옷,16,공용 갑옷,9,3,2,11,302,33,0,9,float_a,2,31,0x17210
burning,공용 갑옷,16,공용 갑옷,9,3,2,12,464,5,0,0.5,float_a,1,31,0x17228
burning,공용 갑옷,16,공용 갑옷,9,3,2,13,752,5,0,0.5,float_a,1,31,0x17240
burning,공용 갑옷,16,공용 갑옷,9,3,2,14,1026,5,0,0.5,float_a,1,31,0x17258
burning,공용 갑옷,16,공용 갑옷,9,3,3,1,0,86,0,7,float_a,2,31,0x17408
burning,공용 갑옷,16,공용 갑옷,9,3,3,2,0,103,0,4,float_a,3,31,0x17420
burning,공용 갑옷,16,공용 갑옷,9,3,3,3,79,61,0,7,float_a,2,31,0x17438
burning,공용 갑옷,16,공용 갑옷,9,3,3,4,79,73,0,4,float_a,3,31,0x17450
burning,공용 갑옷,16,공용 갑옷,9,3,3,5,82,61,0,7,float_a,2,31,0x17468
burning,공용 갑옷,16,공용 갑옷,9,3,3,6,82,73,0,4,float_a,3,31,0x17480
burning,공용 갑옷,16,공용 갑옷,9,3,3,7,81,61,0,7,float_a,2,31,0x17498
burning,공용 갑옷,16,공용 갑옷,9,3,3,8,81,73,0,4,float_a,3,31,0x174b0
burning,공용 갑옷,16,공용 갑옷,9,3,3,9,80,61,0,7,float_a,2,31,0x174c8
burning,공용 갑옷,16,공용 갑옷,9,3,3,10,80,73,0,4,float_a,3,31,0x174e0
burning,공용 갑옷,16,공용 갑옷,9,3,3,11,83,61,0,7,float_a,2,31,0x174f8
burning,공용 갑옷,16,공용 갑옷,9,3,3,12,83,73,0,4,float_a,3,31,0x17510
burning,공용 갑옷,16,공용 갑옷,9,3,3,13,84,61,0,7,float_a,2,31,0x17528
burning,공용 갑옷,16,공용 갑옷,9,3,3,14,84,73,0,4,float_a,3,31,0x17540
burning,공용 갑옷,16,공용 갑옷,9,3,3,15,719,28,0,6,float_a,1,31,0x17558
burning,공용 갑옷,16,공용 갑옷,9,3,3,16,719,36,0,3,float_a,2,31,0x17570
burning,공용 갑옷,16,공용 갑옷,9,3,3,17,472,7,0,1,float_a,1,31,0x17588
burning,공용 갑옷,16,공용 갑옷,9,3,3,18,472,9,0,0.5,float_a,2,31,0x175a0
burning,공용 갑옷,16,공용 갑옷,9,3,3,19,460,36,0,7,float_a,1,31,0x175b8
burning,공용 갑옷,16,공용 갑옷,9,3,3,20,460,46,0,4,float_a,2,31,0x175d0
burning,공용 갑옷,16,공용 갑옷,9,3,3,21,461,5,0,1,float_a,1,31,0x175e8
burning,공용 갑옷,16,공용 갑옷,9,3,3,22,461,6,0,0.5,float_a,2,31,0x17600
burning,공용 갑옷,16,공용 갑옷,9,3,4,1,0,79,0,8,float_a,1,31,0x176f0
burning,공용 갑옷,16,공용 갑옷,9,3,4,2,0,94,0,4,float_a,2,31,0x17708
burning,공용 갑옷,16,공용 갑옷,9,3,4,3,86,34,0,8,float_a,3,31,0x17720
burning,공용 갑옷,16,공용 갑옷,9,3,4,4,86,44,0,4,float_a,1,31,0x17738
burning,공용 갑옷,16,공용 갑옷,9,3,4,5,466,21,0,8,float_a,1,31,0x17750
burning,공용 갑옷,16,공용 갑옷,9,3,4,6,466,25,0,4,float_a,2,31,0x17768
burning,공용 갑옷,16,공용 갑옷,9,3,4,7,260,0,1036,8,float_a,3,31,0x17780
burning,공용 갑옷,16,공용 갑옷,9,3,4,8,260,0,1243,4,float_a,1,31,0x17798
burning,공용 갑옷,16,공용 갑옷,9,3,4,9,725,1036,0,8,float_a,2,31,0x177b0
burning,공용 갑옷,16,공용 갑옷,9,3,4,10,725,1243,0,4,float_a,3,31,0x177c8
burning,공용 갑옷,16,공용 갑옷,9,3,4,11,473,7,0,2,float_a,1,31,0x177e0
burning,공용 갑옷,16,공용 갑옷,9,3,4,12,473,9,0,1,float_a,2,31,0x177f8
burning,공용 갑옷,16,공용 갑옷,9,3,4,13,657,7,0,7,float_a,3,31,0x17810
burning,공용 갑옷,16,공용 갑옷,9,3,4,14,657,9,0,3,float_a,1,31,0x17828
burning,공용 갑옷,16,공용 갑옷,9,3,4,15,464,14,0,1,float_a,1,31,0x17840
burning,공용 갑옷,16,공용 갑옷,9,3,4,16,464,18,0,0.5,float_a,1,31,0x17858
burning,공용 갑옷,16,공용 갑옷,9,3,4,17,461,8,0,1,float_a,1,31,0x17870
burning,공용 갑옷,16,공용 갑옷,9,3,4,18,461,10,0,0.5,float_a,1,31,0x17888
burning,공용 갑옷,16,공용 갑옷,9,3,4,19,695,28,0,8,float_a,1,31,0x178a0
burning,공용 갑옷,16,공용 갑옷,9,3,4,20,695,36,0,4,float_a,2,31,0x178b8
burning,공용 갑옷,16,공용 갑옷,9,3,4,21,352,150,0,8,float_a,2,31,0x178d0
burning,공용 갑옷,16,공용 갑옷,9,3,4,22,352,195,0,4,float_a,3,31,0x178e8
burning,전용 갑옷,17,전용 갑옷,9,3,1,1,63,288,0,8.5,float_a,2,40,0x1d764
burning,전용 갑옷,17,전용 갑옷,9,3,1,2,67,288,0,8.5,float_a,2,40,0x1d77c
burning,전용 갑옷,17,전용 갑옷,9,3,1,3,66,288,0,8.5,float_a,2,40,0x1d794
burning,전용 갑옷,17,전용 갑옷,9,3,1,4,64,288,0,8.5,float_a,2,40,0x1d7ac
burning,전용 갑옷,17,전용 갑옷,9,3,1,5,65,288,0,8.5,float_a,2,40,0x1d7c4
burning,전용 갑옷,17,전용 갑옷,9,3,1,6,68,288,0,8.5,float_a,2,40,0x1d7dc
burning,전용 갑옷,17,전용 갑옷,9,3,1,7,69,288,0,8.5,float_a,2,40,0x1d7f4
burning,전용 갑옷,17,전용 갑옷,9,3,1,8,327,144,0,3.5,float_a,2,40,0x1d80c
burning,전용 갑옷,17,전용 갑옷,9,3,1,9,63,374,0,5,float_a,3,40,0x1d824
burning,전용 갑옷,17,전용 갑옷,9,3,1,10,67,374,0,5,float_a,3,40,0x1d83c
burning,전용 갑옷,17,전용 갑옷,9,3,1,11,66,374,0,5,float_a,3,40,0x1d854
burning,전용 갑옷,17,전용 갑옷,9,3,1,12,64,374,0,5,float_a,3,40,0x1d86c
burning,전용 갑옷,17,전용 갑옷,9,3,1,13,65,374,0,5,float_a,3,40,0x1d884
burning,전용 갑옷,17,전용 갑옷,9,3,1,14,68,374,0,5,float_a,3,40,0x1d89c
burning,전용 갑옷,17,전용 갑옷,9,3,1,15,69,374,0,5,float_a,3,40,0x1d8b4
burning,전용 갑옷,17,전용 갑옷,9,3,1,16,327,187,0,2,float_a,3,40,0x1d8cc
burning,전용 갑옷,17,전용 갑옷,9,3,2,1,796,2,1,4.79,float_a,2,40,0x1da4c
burning,전용 갑옷,17,전용 갑옷,9,3,2,2,797,2,1,4.79,float_a,2,40,0x1da64
burning,전용 갑옷,17,전용 갑옷,9,3,2,3,800,2,1,4.79,float_a,2,40,0x1da7c
burning,전용 갑옷,17,전용 갑옷,9,3,2,4,798,2,1,4.76,float_a,2,40,0x1da94
burning,전용 갑옷,17,전용 갑옷,9,3,2,5,799,2,1,4.79,float_a,2,40,0x1daac
burning,전용 갑옷,17,전용 갑옷,9,3,2,6,801,2,1,4.79,float_a,2,40,0x1dac4
burning,전용 갑옷,17,전용 갑옷,9,3,2,7,802,2,1,4.79,float_a,2,40,0x1dadc
burning,전용 갑옷,17,전용 갑옷,9,3,2,8,351,192,0,5,float_a,1,40,0x1daf4
burning,전용 갑옷,17,전용 갑옷,9,3,2,9,351,216,0,3,float_a,2,40,0x1db0c
burning,전용 갑옷,17,전용 갑옷,9,3,2,10,302,36,0,5,float_a,1,40,0x1db24
burning,전용 갑옷,17,전용 갑옷,9,3,2,11,302,43,0,3,float_a,2,40,0x1db3c
burning,전용 갑옷,17,전용 갑옷,9,3,2,12,923,22,0,5,float_a,1,40,0x1db54
burning,전용 갑옷,17,전용 갑옷,9,3,2,13,923,26,0,3,float_a,2,40,0x1db6c
burning,전용 갑옷,17,전용 갑옷,9,3,2,14,1026,3,0,0.5,float_a,1,40,0x1db84
burning,전용 갑옷,17,전용 갑옷,9,3,2,15,752,3,0,0.5,float_a,1,40,0x1db9c
burning,전용 갑옷,17,전용 갑옷,9,3,2,16,464,15,0,1,float_a,1,40,0x1dbb4
burning,전용 갑옷,17,전용 갑옷,9,3,2,17,464,18,0,0.5,float_a,2,40,0x1dbcc
burning,전용 갑옷,17,전용 갑옷,9,3,2,18,611,120,0,5,float_a,1,40,0x1dbe4
burning,전용 갑옷,17,전용 갑옷,9,3,2,19,611,144,0,3,float_a,2,40,0x1dbfc
burning,전용 갑옷,17,전용 갑옷,9,3,2,20,730,12,0,5,float_a,1,40,0x1dc14
burning,전용 갑옷,17,전용 갑옷,9,3,2,21,730,14,0,3,float_a,2,40,0x1dc2c
burning,전용 갑옷,17,전용 갑옷,9,3,2,22,352,36,0,5,float_a,1,40,0x1dc44
burning,전용 갑옷,17,전용 갑옷,9,3,2,23,352,43,0,3,float_a,2,40,0x1dc5c
burning,전용 갑옷,17,전용 갑옷,9,3,2,24,695,60,0,5,float_a,1,40,0x1dc74
burning,전용 갑옷,17,전용 갑옷,9,3,2,25,695,72,0,3,float_a,2,40,0x1dc8c
burning,전용 갑옷,17,전용 갑옷,9,3,2,26,0,54,0,5,float_a,1,40,0x1dca4
burning,전용 갑옷,17,전용 갑옷,9,3,2,27,0,64,0,3,float_a,2,40,0x1dcbc
burning,전용 갑옷,17,전용 갑옷,9,3,3,1,0,115,0,12,float_a,2,40,0x1dd34
burning,전용 갑옷,17,전용 갑옷,9,3,3,2,0,138,0,6,float_a,3,40,0x1dd4c
burning,전용 갑옷,17,전용 갑옷,9,3,3,3,929,288,0,12,float_a,2,40,0x1dd64
burning,전용 갑옷,17,전용 갑옷,9,3,3,4,929,345,0,6,float_a,3,40,0x1dd7c
burning,전용 갑옷,17,전용 갑옷,9,3,3,5,464,13,0,1,float_a,2,40,0x1dd94
burning,전용 갑옷,17,전용 갑옷,9,3,3,6,464,14,0,0.5,float_a,3,40,0x1ddac
burning,전용 갑옷,17,전용 갑옷,9,3,3,7,302,43,0,12,float_a,2,40,0x1ddc4
burning,전용 갑옷,17,전용 갑옷,9,3,3,8,302,51,0,6,float_a,3,40,0x1dddc
burning,전용 갑옷,17,전용 갑옷,9,3,3,9,110,10,0,12,float_a,2,40,0x1ddf4
burning,전용 갑옷,17,전용 갑옷,9,3,3,10,110,12,0,6,float_a,3,40,0x1de0c
burning,전용 갑옷,17,전용 갑옷,9,3,3,11,623,6,0,1,float_a,1,40,0x1de24
burning,전용 갑옷,17,전용 갑옷,9,3,3,12,623,7,0,0.5,float_a,2,40,0x1de3c
burning,전용 갑옷,17,전용 갑옷,9,3,3,13,461,7,0,1,float_a,2,40,0x1de54
burning,전용 갑옷,17,전용 갑옷,9,3,3,14,461,8,0,0.5,float_a,3,40,0x1de6c
burning,전용 갑옷,17,전용 갑옷,9,3,3,15,682,6,0,1,float_a,1,40,0x1de84
burning,전용 갑옷,17,전용 갑옷,9,3,3,16,682,7,0,0.5,float_a,2,40,0x1de9c
burning,전용 갑옷,17,전용 갑옷,9,3,3,17,74,14,0,13.5,float_a,2,40,0x1deb4
burning,전용 갑옷,17,전용 갑옷,9,3,3,18,74,19,0,7,float_a,3,40,0x1decc
burning,전용 갑옷,17,전용 갑옷,9,3,3,19,745,5,0,1,float_a,1,40,0x1dee4
burning,전용 갑옷,17,전용 갑옷,9,3,3,20,745,6,0,0.5,float_a,2,40,0x1defc
burning,전용 갑옷,17,전용 갑옷,9,3,4,1,466,19,0,14.75,float_a,2,40,0x1e01c
burning,전용 갑옷,17,전용 갑옷,9,3,4,2,466,22,0,6,float_a,3,40,0x1e034
burning,전용 갑옷,17,전용 갑옷,9,3,4,3,464,15,0,1,float_a,2,40,0x1e04c
burning,전용 갑옷,17,전용 갑옷,9,3,4,4,464,16,0,0.5,float_a,3,40,0x1e064
burning,전용 갑옷,17,전용 갑옷,9,3,4,5,461,16,0,1,float_a,2,40,0x1e07c
burning,전용 갑옷,17,전용 갑옷,9,3,4,6,461,17,0,0.5,float_a,3,40,0x1e094
burning,전용 갑옷,17,전용 갑옷,9,3,4,7,717,21,0,14.75,float_a,2,40,0x1e0ac
burning,전용 갑옷,17,전용 갑옷,9,3,4,8,717,25,0,6,float_a,3,40,0x1e0c4
burning,전용 갑옷,17,전용 갑옷,9,3,4,9,623,20,0,3,float_a,2,40,0x1e0dc
burning,전용 갑옷,17,전용 갑옷,9,3,4,10,623,26,0,1,float_a,3,40,0x1e0f4
burning,전용 갑옷,17,전용 갑옷,9,3,4,11,74,21,0,14.75,float_a,2,40,0x1e10c
burning,전용 갑옷,17,전용 갑옷,9,3,4,12,74,25,0,6,float_a,3,40,0x1e124
burning,전용 갑옷,17,전용 갑옷,9,3,4,13,730,14,0,14.75,float_a,2,40,0x1e13c
burning,전용 갑옷,17,전용 갑옷,9,3,4,14,730,19,0,6,float_a,3,40,0x1e154
burning,전용 갑옷,17,전용 갑옷,9,3,4,15,745,15,0,3,float_a,2,40,0x1e16c
burning,전용 갑옷,17,전용 갑옷,9,3,4,16,745,20,0,1,float_a,3,40,0x1e184
burning,전용 갑옷,17,전용 갑옷,9,3,4,17,682,6,0,1,float_a,1,40,0x1e19c
burning,전용 갑옷,17,전용 갑옷,9,3,4,18,682,7,0,0.5,float_a,2,40,0x1e1b4
burning,전용 갑옷,17,전용 갑옷,9,3,4,19,752,4,0,1,float_a,1,40,0x1e1cc
burning,전용 갑옷,17,전용 갑옷,9,3,4,20,752,5,0,0.5,float_a,2,40,0x1e1e4
burning,전용 갑옷,17,전용 갑옷,9,3,4,21,723,5,0,0.5,float_a,1,40,0x1e1fc
burning,전용 갑옷,17,전용 갑옷,9,3,4,22,754,3,0,0.5,float_a,1,40,0x1e214
burning,전용 갑옷,17,전용 갑옷,9,3,4,23,704,2,0,0.5,float_a,1,40,0x1e22c
burning,전용 갑옷,17,전용 갑옷,9,3,4,24,706,4,0,0.5,float_a,1,40,0x1e244
burning,전용 갑옷,17,전용 갑옷,9,3,4,25,1027,3,0,0.5,float_a,1,40,0x1e25c
burning,전용 갑옷,17,전용 갑옷,9,3,4,26,690,5,0,0.5,float_a,1,40,0x1e274
burning,귀걸이/망토,"10,11","귀걸이,망토",9,3,1,1,63,206,0,8.5,float_a,2,50,0x24c68
burning,귀걸이/망토,"10,11","귀걸이,망토",9,3,1,2,67,206,0,8.5,float_a,2,50,0x24c80
burning,귀걸이/망토,"10,11","귀걸이,망토",9,3,1,3,66,206,0,8.5,float_a,2,50,0x24c98
burning,귀걸이/망토,"10,11","귀걸이,망토",9,3,1,4,64,206,0,8.5,float_a,2,50,0x24cb0
burning,귀걸이/망토,"10,11","귀걸이,망토",9,3,1,5,65,206,0,8.5,float_a,2,50,0x24cc8
burning,귀걸이/망토,"10,11","귀걸이,망토",9,3,1,6,68,206,0,8.5,float_a,2,50,0x24ce0
burning,귀걸이/망토,"10,11","귀걸이,망토",9,3,1,7,69,206,0,8.5,float_a,2,50,0x24cf8
burning,귀걸이/망토,"10,11","귀걸이,망토",9,3,1,8,327,103,0,3.5,float_a,2,50,0x24d10
burning,귀걸이/망토,"10,11","귀걸이,망토",9,3,1,9,63,267,0,5,float_a,3,50,0x24d28
burning,귀걸이/망토,"10,11","귀걸이,망토",9,3,1,10,67,267,0,5,float_a,3,50,0x24d40
burning,귀걸이/망토,"10,11","귀걸이,망토",9,3,1,11,66,267,0,5,float_a,3,50,0x24d58
burning,귀걸이/망토,"10,11","귀걸이,망토",9,3,1,12,64,267,0,5,float_a,3,50,0x24d70
burning,귀걸이/망토,"10,11","귀걸이,망토",9,3,1,13,65,267,0,5,float_a,3,50,0x24d88
burning,귀걸이/망토,"10,11","귀걸이,망토",9,3,1,14,68,267,0,5,float_a,3,50,0x24da0
burning,귀걸이/망토,"10,11","귀걸이,망토",9,3,1,15,69,267,0,5,float_a,3,50,0x24db8
burning,귀걸이/망토,"10,11","귀걸이,망토",9,3,1,16,327,133,0,2,float_a,3,50,0x24dd0
burning,귀걸이/망토,"10,11","귀걸이,망토",9,3,2,1,796,2,1,5,float_a,2,50,0x24f50
burning,귀걸이/망토,"10,11","귀걸이,망토",9,3,2,2,797,2,1,5,float_a,2,50,0x24f68
burning,귀걸이/망토,"10,11","귀걸이,망토",9,3,2,3,800,2,1,5,float_a,2,50,0x24f80
burning,귀걸이/망토,"10,11","귀걸이,망토",9,3,2,4,798,2,1,5,float_a,2,50,0x24f98
burning,귀걸이/망토,"10,11","귀걸이,망토",9,3,2,5,799,2,1,5,float_a,2,50,0x24fb0
burning,귀걸이/망토,"10,11","귀걸이,망토",9,3,2,6,801,2,1,5,float_a,2,50,0x24fc8
burning,귀걸이/망토,"10,11","귀걸이,망토",9,3,2,7,802,2,1,5,float_a,2,50,0x24fe0
burning,귀걸이/망토,"10,11","귀걸이,망토",9,3,2,8,353,70,0,11.25,float_a,1,50,0x24ff8
burning,귀걸이/망토,"10,11","귀걸이,망토",9,3,2,9,353,84,0,5,float_a,2,50,0x25010
burning,귀걸이/망토,"10,11","귀걸이,망토",9,3,2,10,352,66,0,11.25,float_a,1,50,0x25028
burning,귀걸이/망토,"10,11","귀걸이,망토",9,3,2,11,352,79,0,5,float_a,2,50,0x25040
burning,귀걸이/망토,"10,11","귀걸이,망토",9,3,2,12,74,12,0,11.25,float_a,1,50,0x25058
burning,귀걸이/망토,"10,11","귀걸이,망토",9,3,2,13,74,14,0,5,float_a,2,50,0x25070
burning,귀걸이/망토,"10,11","귀걸이,망토",9,3,2,14,351,72,0,11.25,float_a,1,50,0x25088
burning,귀걸이/망토,"10,11","귀걸이,망토",9,3,2,15,351,86,0,5,float_a,2,50,0x250a0
burning,귀걸이/망토,"10,11","귀걸이,망토",9,3,3,1,730,28,0,7,float_a,2,50,0x25238
burning,귀걸이/망토,"10,11","귀걸이,망토",9,3,3,2,730,33,0,3,float_a,3,50,0x25250
burning,귀걸이/망토,"10,11","귀걸이,망토",9,3,3,3,721,19,0,7,float_a,2,50,0x25268
burning,귀걸이/망토,"10,11","귀걸이,망토",9,3,3,4,721,22,0,3,float_a,3,50,0x25280
burning,귀걸이/망토,"10,11","귀걸이,망토",9,3,3,5,74,19,0,7,float_a,2,50,0x25298
burning,귀걸이/망토,"10,11","귀걸이,망토",9,3,3,6,74,22,0,3,float_a,3,50,0x252b0
burning,귀걸이/망토,"10,11","귀걸이,망토",9,3,3,7,460,50,0,7,float_a,2,50,0x252c8
burning,귀걸이/망토,"10,11","귀걸이,망토",9,3,3,8,460,65,0,3,float_a,3,50,0x252e0
burning,귀걸이/망토,"10,11","귀걸이,망토",9,3,3,9,201,33,0,7,float_a,2,50,0x252f8
burning,귀걸이/망토,"10,11","귀걸이,망토",9,3,3,10,201,42,0,3,float_a,3,50,0x25310
burning,귀걸이/망토,"10,11","귀걸이,망토",9,3,3,11,353,22,0,7,float_a,2,50,0x25328
burning,귀걸이/망토,"10,11","귀걸이,망토",9,3,3,12,353,33,0,3,float_a,3,50,0x25340
burning,귀걸이/망토,"10,11","귀걸이,망토",9,3,3,13,302,28,0,7,float_a,2,50,0x25358
burning,귀걸이/망토,"10,11","귀걸이,망토",9,3,3,14,302,33,0,3,float_a,3,50,0x25370
burning,귀걸이/망토,"10,11","귀걸이,망토",9,3,3,15,351,40,0,7,float_a,2,50,0x25388
burning,귀걸이/망토,"10,11","귀걸이,망토",9,3,3,16,351,52,0,3,float_a,3,50,0x253a0
burning,귀걸이/망토,"10,11","귀걸이,망토",9,3,3,17,109,7,0,7,float_a,2,50,0x253b8
burning,귀걸이/망토,"10,11","귀걸이,망토",9,3,3,18,109,9,0,3,float_a,3,50,0x253d0
burning,귀걸이/망토,"10,11","귀걸이,망토",9,3,3,19,352,20,0,7,float_a,1,50,0x253e8
burning,귀걸이/망토,"10,11","귀걸이,망토",9,3,3,20,352,26,0,3,float_a,2,50,0x25400
burning,귀걸이/망토,"10,11","귀걸이,망토",9,3,4,1,463,43,0,15,float_a,2,50,0x25520
burning,귀걸이/망토,"10,11","귀걸이,망토",9,3,4,2,463,51,0,8.125,float_a,3,50,0x25538
burning,귀걸이/망토,"10,11","귀걸이,망토",9,3,4,3,352,120,0,15,float_a,2,50,0x25550
burning,귀걸이/망토,"10,11","귀걸이,망토",9,3,4,4,352,144,0,8.125,float_a,3,50,0x25568
burning,귀걸이/망토,"10,11","귀걸이,망토",9,3,4,5,461,11,0,1,float_a,2,50,0x25580
burning,귀걸이/망토,"10,11","귀걸이,망토",9,3,4,6,461,12,0,0.5,float_a,3,50,0x25598
burning,귀걸이/망토,"10,11","귀걸이,망토",9,3,4,7,722,19,0,15,float_a,2,50,0x255b0
burning,귀걸이/망토,"10,11","귀걸이,망토",9,3,4,8,722,22,0,8.125,float_a,3,50,0x255c8
burning,귀걸이/망토,"10,11","귀걸이,망토",9,3,4,9,201,33,0,15,float_a,2,50,0x255e0
burning,귀걸이/망토,"10,11","귀걸이,망토",9,3,4,10,201,39,0,8.125,float_a,3,50,0x255f8
burning,귀걸이/망토,"10,11","귀걸이,망토",9,3,4,11,727,5,0,1,float_a,2,50,0x25610
burning,귀걸이/망토,"10,11","귀걸이,망토",9,3,4,12,727,6,0,0.5,float_a,3,50,0x25628
burning,귀걸이/망토,"10,11","귀걸이,망토",9,3,4,13,464,13,0,1,float_a,2,50,0x25640
burning,귀걸이/망토,"10,11","귀걸이,망토",9,3,4,14,464,16,0,0.5,float_a,3,50,0x25658
burning,귀걸이/망토,"10,11","귀걸이,망토",9,3,4,15,752,8,0,1,float_a,2,50,0x25670
burning,귀걸이/망토,"10,11","귀걸이,망토",9,3,4,16,752,9,0,0.5,float_a,3,50,0x25688
burning,귀걸이/망토,"10,11","귀걸이,망토",9,3,4,17,724,5,0,1,float_a,2,50,0x256a0
burning,귀걸이/망토,"10,11","귀걸이,망토",9,3,4,18,724,6,0,0.5,float_a,3,50,0x256b8
burning,헬멧,0,헬멧,9,3,1,1,63,331,0,8.5,float_a,2,61,0x2cd00
burning,헬멧,0,헬멧,9,3,1,2,67,331,0,8.5,float_a,2,61,0x2cd18
burning,헬멧,0,헬멧,9,3,1,3,66,331,0,8.5,float_a,2,61,0x2cd30
burning,헬멧,0,헬멧,9,3,1,4,64,331,0,8.5,float_a,2,61,0x2cd48
burning,헬멧,0,헬멧,9,3,1,5,65,331,0,8.5,float_a,2,61,0x2cd60
burning,헬멧,0,헬멧,9,3,1,6,68,331,0,8.5,float_a,2,61,0x2cd78
burning,헬멧,0,헬멧,9,3,1,7,69,331,0,8.5,float_a,2,61,0x2cd90
burning,헬멧,0,헬멧,9,3,1,8,327,165,0,3.5,float_a,2,61,0x2cda8
burning,헬멧,0,헬멧,9,3,1,9,63,430,0,5,float_a,3,61,0x2cdc0
burning,헬멧,0,헬멧,9,3,1,10,67,430,0,5,float_a,3,61,0x2cdd8
burning,헬멧,0,헬멧,9,3,1,11,66,430,0,5,float_a,3,61,0x2cdf0
burning,헬멧,0,헬멧,9,3,1,12,64,430,0,5,float_a,3,61,0x2ce08
burning,헬멧,0,헬멧,9,3,1,13,65,430,0,5,float_a,3,61,0x2ce20
burning,헬멧,0,헬멧,9,3,1,14,68,430,0,5,float_a,3,61,0x2ce38
burning,헬멧,0,헬멧,9,3,1,15,69,430,0,5,float_a,3,61,0x2ce50
burning,헬멧,0,헬멧,9,3,1,16,327,215,0,2,float_a,3,61,0x2ce68
burning,헬멧,0,헬멧,9,3,2,1,796,2,1,6,float_a,2,61,0x2cfe8
burning,헬멧,0,헬멧,9,3,2,2,797,2,1,6,float_a,2,61,0x2d000
burning,헬멧,0,헬멧,9,3,2,3,800,2,1,6,float_a,2,61,0x2d018
burning,헬멧,0,헬멧,9,3,2,4,798,2,1,6,float_a,2,61,0x2d030
burning,헬멧,0,헬멧,9,3,2,5,799,2,1,6,float_a,2,61,0x2d048
burning,헬멧,0,헬멧,9,3,2,6,801,2,1,6,float_a,2,61,0x2d060
burning,헬멧,0,헬멧,9,3,2,7,802,2,1,6,float_a,2,61,0x2d078
burning,헬멧,0,헬멧,9,3,2,8,0,36,0,10,float_a,2,61,0x2d090
burning,헬멧,0,헬멧,9,3,2,9,0,43,0,5,float_a,3,61,0x2d0a8
burning,헬멧,0,헬멧,9,3,2,10,835,20,0,8.6,float_a,1,61,0x2d0c0
burning,헬멧,0,헬멧,9,3,2,11,833,20,0,8.6,float_a,1,61,0x2d0d8
burning,헬멧,0,헬멧,9,3,2,12,836,20,0,8.6,float_a,1,61,0x2d0f0
burning,헬멧,0,헬멧,9,3,2,13,834,20,0,8.6,float_a,1,61,0x2d108
burning,헬멧,0,헬멧,9,3,2,14,832,20,0,8.6,float_a,1,61,0x2d120
burning,헬멧,0,헬멧,9,3,3,1,55,86,0,8,float_a,2,61,0x2d2d0
burning,헬멧,0,헬멧,9,3,3,2,55,103,0,4,float_a,3,61,0x2d2e8
burning,헬멧,0,헬멧,9,3,3,3,719,14,0,8,float_a,2,61,0x2d300
burning,헬멧,0,헬멧,9,3,3,4,719,16,0,4,float_a,3,61,0x2d318
burning,헬멧,0,헬멧,9,3,3,5,352,72,0,8,float_a,2,61,0x2d330
burning,헬멧,0,헬멧,9,3,3,6,352,86,0,4,float_a,3,61,0x2d348
burning,헬멧,0,헬멧,9,3,3,7,463,14,0,8,float_a,2,61,0x2d360
burning,헬멧,0,헬멧,9,3,3,8,463,16,0,4,float_a,3,61,0x2d378
burning,헬멧,0,헬멧,9,3,3,9,351,43,0,8,float_a,2,61,0x2d390
burning,헬멧,0,헬멧,9,3,3,10,351,51,0,4,float_a,3,61,0x2d3a8
burning,헬멧,0,헬멧,9,3,3,11,695,40,0,8,float_a,2,61,0x2d3c0
burning,헬멧,0,헬멧,9,3,3,12,695,50,0,4,float_a,3,61,0x2d3d8
burning,헬멧,0,헬멧,9,3,3,13,653,43,0,7,float_a,1,61,0x2d3f0
burning,헬멧,0,헬멧,9,3,3,14,654,43,0,7,float_a,1,61,0x2d408
burning,헬멧,0,헬멧,9,3,3,15,651,86,0,7,float_a,1,61,0x2d420
burning,헬멧,0,헬멧,9,3,3,16,56,86,0,7,float_a,1,61,0x2d438
burning,헬멧,0,헬멧,9,3,4,1,88,31,0,8,float_a,2,61,0x2d5b8
burning,헬멧,0,헬멧,9,3,4,2,88,37,0,4,float_a,3,61,0x2d5d0
burning,헬멧,0,헬멧,9,3,4,3,351,51,0,8,float_a,2,61,0x2d5e8
burning,헬멧,0,헬멧,9,3,4,4,351,61,0,4,float_a,3,61,0x2d600
burning,헬멧,0,헬멧,9,3,4,5,803,5,0,8,float_a,2,61,0x2d618
burning,헬멧,0,헬멧,9,3,4,6,803,6,0,4,float_a,3,61,0x2d630
burning,헬멧,0,헬멧,9,3,4,7,466,36,0,9,float_a,1,61,0x2d648
burning,헬멧,0,헬멧,9,3,4,8,466,46,0,4,float_a,2,61,0x2d660
burning,헬멧,0,헬멧,9,3,4,9,923,20,0,8,float_a,1,61,0x2d678
burning,헬멧,0,헬멧,9,3,4,10,923,26,0,4,float_a,2,61,0x2d690
burning,헬멧,0,헬멧,9,3,4,11,109,6,0,8,float_a,2,61,0x2d6a8
burning,헬멧,0,헬멧,9,3,4,12,109,7,0,4,float_a,3,61,0x2d6c0
burning,헬멧,0,헬멧,9,3,4,13,929,432,0,8,float_a,1,61,0x2d6d8
burning,헬멧,0,헬멧,9,3,4,14,929,561,0,4,float_a,2,61,0x2d6f0
burning,헬멧,0,헬멧,9,3,4,15,727,8,0,1,float_a,2,61,0x2d708
burning,헬멧,0,헬멧,9,3,4,16,727,9,0,0.5,float_a,3,61,0x2d720
burning,헬멧,0,헬멧,9,3,4,17,110,10,0,8,float_a,2,61,0x2d738
burning,헬멧,0,헬멧,9,3,4,18,110,12,0,4,float_a,3,61,0x2d750
burning,헬멧,0,헬멧,9,3,4,19,464,13,0,1,float_a,2,61,0x2d768
burning,헬멧,0,헬멧,9,3,4,20,464,14,0,0.5,float_a,3,61,0x2d780
burning,관,1,관,9,3,1,1,63,331,0,8.5,float_a,2,72,0x34d90
burning,관,1,관,9,3,1,2,67,331,0,8.5,float_a,2,72,0x34da8
burning,관,1,관,9,3,1,3,66,331,0,8.5,float_a,2,72,0x34dc0
burning,관,1,관,9,3,1,4,64,331,0,8.5,float_a,2,72,0x34dd8
burning,관,1,관,9,3,1,5,65,331,0,8.5,float_a,2,72,0x34df0
burning,관,1,관,9,3,1,6,68,331,0,8.5,float_a,2,72,0x34e08
burning,관,1,관,9,3,1,7,69,331,0,8.5,float_a,2,72,0x34e20
burning,관,1,관,9,3,1,8,327,165,0,3.5,float_a,2,72,0x34e38
burning,관,1,관,9,3,1,9,63,430,0,5,float_a,3,72,0x34e50
burning,관,1,관,9,3,1,10,67,430,0,5,float_a,3,72,0x34e68
burning,관,1,관,9,3,1,11,66,430,0,5,float_a,3,72,0x34e80
burning,관,1,관,9,3,1,12,64,430,0,5,float_a,3,72,0x34e98
burning,관,1,관,9,3,1,13,65,430,0,5,float_a,3,72,0x34eb0
burning,관,1,관,9,3,1,14,68,430,0,5,float_a,3,72,0x34ec8
burning,관,1,관,9,3,1,15,69,430,0,5,float_a,3,72,0x34ee0
burning,관,1,관,9,3,1,16,327,215,0,2,float_a,3,72,0x34ef8
burning,관,1,관,9,3,2,1,796,2,1,6,float_a,2,72,0x35078
burning,관,1,관,9,3,2,2,797,2,1,6,float_a,2,72,0x35090
burning,관,1,관,9,3,2,3,800,2,1,6,float_a,2,72,0x350a8
burning,관,1,관,9,3,2,4,798,2,1,6,float_a,2,72,0x350c0
burning,관,1,관,9,3,2,5,799,2,1,6,float_a,2,72,0x350d8
burning,관,1,관,9,3,2,6,801,2,1,6,float_a,2,72,0x350f0
burning,관,1,관,9,3,2,7,802,2,1,6,float_a,2,72,0x35108
burning,관,1,관,9,3,2,8,0,36,0,10,float_a,2,72,0x35120
burning,관,1,관,9,3,2,9,0,43,0,5,float_a,3,72,0x35138
burning,관,1,관,9,3,2,10,835,20,0,8.6,float_a,1,72,0x35150
burning,관,1,관,9,3,2,11,833,20,0,8.6,float_a,1,72,0x35168
burning,관,1,관,9,3,2,12,836,20,0,8.6,float_a,1,72,0x35180
burning,관,1,관,9,3,2,13,834,20,0,8.6,float_a,1,72,0x35198
burning,관,1,관,9,3,2,14,832,20,0,8.6,float_a,1,72,0x351b0
burning,관,1,관,9,3,3,1,728,8,0,3,float_a,2,72,0x35360
burning,관,1,관,9,3,3,2,728,9,0,1,float_a,3,72,0x35378
burning,관,1,관,9,3,3,3,109,7,0,8,float_a,2,72,0x35390
burning,관,1,관,9,3,3,4,109,8,0,4,float_a,3,72,0x353a8
burning,관,1,관,9,3,3,5,461,6,0,3,float_a,2,72,0x353c0
burning,관,1,관,9,3,3,6,461,7,0,1,float_a,3,72,0x353d8
burning,관,1,관,9,3,3,7,719,7,0,8,float_a,2,72,0x353f0
burning,관,1,관,9,3,3,8,719,8,0,4,float_a,3,72,0x35408
burning,관,1,관,9,3,3,9,923,30,0,8,float_a,2,72,0x35420
burning,관,1,관,9,3,3,10,923,39,0,4,float_a,3,72,0x35438
burning,관,1,관,9,3,3,11,929,432,0,8,float_a,1,72,0x35450
burning,관,1,관,9,3,3,12,929,561,0,4,float_a,2,72,0x35468
burning,관,1,관,9,3,3,13,695,30,0,8,float_a,2,72,0x35480
burning,관,1,관,9,3,3,14,695,40,0,4,float_a,3,72,0x35498
burning,관,1,관,9,3,3,15,653,43,0,8,float_a,1,72,0x354b0
burning,관,1,관,9,3,3,16,654,43,0,8,float_a,1,72,0x354c8
burning,관,1,관,9,3,3,17,651,86,0,8,float_a,1,72,0x354e0
burning,관,1,관,9,3,3,19,652,86,0,8,float_a,1,72,0x354f8
burning,관,1,관,9,3,4,1,109,10,0,15,float_a,2,72,0x35648
burning,관,1,관,9,3,4,2,109,11,0,7,float_a,3,72,0x35660
burning,관,1,관,9,3,4,3,804,7,7,3,float_a,2,72,0x35678
burning,관,1,관,9,3,4,4,804,8,8,1,float_a,3,72,0x35690
burning,관,1,관,9,3,4,5,461,14,0,3,float_a,2,72,0x356a8
burning,관,1,관,9,3,4,6,461,16,0,1,float_a,3,72,0x356c0
burning,관,1,관,9,3,4,7,464,7,0,3,float_a,2,72,0x356d8
burning,관,1,관,9,3,4,8,464,8,0,1,float_a,3,72,0x356f0
burning,관,1,관,9,3,4,9,752,5,0,3,float_a,1,72,0x35708
burning,관,1,관,9,3,4,10,752,6,0,1,float_a,2,72,0x35720
burning,관,1,관,9,3,4,11,723,10,0,3,float_a,1,72,0x35738
burning,관,1,관,9,3,4,12,723,13,0,1,float_a,2,72,0x35750
burning,관,1,관,9,3,4,13,686,12,0,3,float_a,1,72,0x35768
burning,관,1,관,9,3,4,14,686,15,0,1,float_a,2,72,0x35780
burning,관,1,관,9,3,4,15,923,30,0,18,float_a,1,72,0x35798
burning,관,1,관,9,3,4,16,923,36,0,9,float_a,2,72,0x357b0
burning,관,1,관,9,3,4,17,929,432,0,18,float_a,1,72,0x357c8
burning,관,1,관,9,3,4,18,929,561,0,9,float_a,2,72,0x357e0
burning,벨트,6,벨트,9,3,1,1,63,331,0,8.5,float_a,2,83,0x3ce20
burning,벨트,6,벨트,9,3,1,2,67,331,0,8.5,float_a,2,83,0x3ce38
burning,벨트,6,벨트,9,3,1,3,66,331,0,8.5,float_a,2,83,0x3ce50
burning,벨트,6,벨트,9,3,1,4,64,331,0,8.5,float_a,2,83,0x3ce68
burning,벨트,6,벨트,9,3,1,5,65,331,0,8.5,float_a,2,83,0x3ce80
burning,벨트,6,벨트,9,3,1,6,68,331,0,8.5,float_a,2,83,0x3ce98
burning,벨트,6,벨트,9,3,1,7,69,331,0,8.5,float_a,2,83,0x3ceb0
burning,벨트,6,벨트,9,3,1,8,327,165,0,3.5,float_a,2,83,0x3cec8
burning,벨트,6,벨트,9,3,1,9,63,430,0,5,float_a,3,83,0x3cee0
burning,벨트,6,벨트,9,3,1,10,67,430,0,5,float_a,3,83,0x3cef8
burning,벨트,6,벨트,9,3,1,11,66,430,0,5,float_a,3,83,0x3cf10
burning,벨트,6,벨트,9,3,1,12,64,430,0,5,float_a,3,83,0x3cf28
burning,벨트,6,벨트,9,3,1,13,65,430,0,5,float_a,3,83,0x3cf40
burning,벨트,6,벨트,9,3,1,14,68,430,0,5,float_a,3,83,0x3cf58
burning,벨트,6,벨트,9,3,1,15,69,430,0,5,float_a,3,83,0x3cf70
burning,벨트,6,벨트,9,3,1,16,327,215,0,2,float_a,3,83,0x3cf88
burning,벨트,6,벨트,9,3,2,1,796,2,1,7,float_a,2,83,0x3d108
burning,벨트,6,벨트,9,3,2,2,797,2,1,7,float_a,2,83,0x3d120
burning,벨트,6,벨트,9,3,2,3,800,2,1,7,float_a,2,83,0x3d138
burning,벨트,6,벨트,9,3,2,4,798,2,1,7,float_a,2,83,0x3d150
burning,벨트,6,벨트,9,3,2,5,799,2,1,7,float_a,2,83,0x3d168
burning,벨트,6,벨트,9,3,2,6,801,2,1,7,float_a,2,83,0x3d180
burning,벨트,6,벨트,9,3,2,7,802,2,1,7,float_a,2,83,0x3d198
burning,벨트,6,벨트,9,3,2,8,673,144,0,10.6,float_a,1,83,0x3d1b0
burning,벨트,6,벨트,9,3,2,9,673,172,0,5,float_a,2,83,0x3d1c8
burning,벨트,6,벨트,9,3,2,10,352,44,0,10.6,float_a,1,83,0x3d1e0
burning,벨트,6,벨트,9,3,2,11,352,53,0,5,float_a,2,83,0x3d1f8
burning,벨트,6,벨트,9,3,2,12,351,42,0,10.8,float_a,1,83,0x3d210
burning,벨트,6,벨트,9,3,2,13,351,51,0,5,float_a,2,83,0x3d228
burning,벨트,6,벨트,9,3,2,14,464,5,0,3,float_a,1,83,0x3d240
burning,벨트,6,벨트,9,3,2,15,464,6,0,1,float_a,2,83,0x3d258
burning,벨트,6,벨트,9,3,3,1,466,43,0,8.7,float_a,2,83,0x3d3f0
burning,벨트,6,벨트,9,3,3,2,466,51,0,5,float_a,3,83,0x3d408
burning,벨트,6,벨트,9,3,3,3,683,51,0,8.7,float_a,2,83,0x3d420
burning,벨트,6,벨트,9,3,3,4,683,61,0,5,float_a,3,83,0x3d438
burning,벨트,6,벨트,9,3,3,5,725,691,0,8.8,float_a,2,83,0x3d450
burning,벨트,6,벨트,9,3,3,6,725,829,0,5,float_a,3,83,0x3d468
burning,벨트,6,벨트,9,3,3,7,74,25,0,8.7,float_a,2,83,0x3d480
burning,벨트,6,벨트,9,3,3,8,74,30,0,5,float_a,3,83,0x3d498
burning,벨트,6,벨트,9,3,3,9,716,16,0,8.7,float_a,2,83,0x3d4b0
burning,벨트,6,벨트,9,3,3,10,716,19,0,5,float_a,3,83,0x3d4c8
burning,벨트,6,벨트,9,3,3,11,685,14,0,8.7,float_a,2,83,0x3d4e0
burning,벨트,6,벨트,9,3,3,12,685,16,0,5,float_a,3,83,0x3d4f8
burning,벨트,6,벨트,9,3,3,13,352,57,0,8.7,float_a,2,83,0x3d510
burning,벨트,6,벨트,9,3,3,14,352,68,0,5,float_a,3,83,0x3d528
burning,벨트,6,벨트,9,3,3,15,464,10,0,3,float_a,1,83,0x3d540
burning,벨트,6,벨트,9,3,3,16,464,13,0,1,float_a,2,83,0x3d558
burning,벨트,6,벨트,9,3,4,1,725,829,0,10.3,float_a,2,83,0x3d6d8
burning,벨트,6,벨트,9,3,4,2,725,994,0,5,float_a,3,83,0x3d6f0
burning,벨트,6,벨트,9,3,4,3,352,76,0,10.3,float_a,2,83,0x3d708
burning,벨트,6,벨트,9,3,4,4,352,91,0,5,float_a,3,83,0x3d720
burning,벨트,6,벨트,9,3,4,5,611,72,0,10.3,float_a,2,83,0x3d738
burning,벨트,6,벨트,9,3,4,6,611,86,0,5,float_a,3,83,0x3d750
burning,벨트,6,벨트,9,3,4,7,695,66,0,10.3,float_a,2,83,0x3d768
burning,벨트,6,벨트,9,3,4,8,695,79,0,5,float_a,3,83,0x3d780
burning,벨트,6,벨트,9,3,4,9,716,25,0,10.3,float_a,2,83,0x3d798
burning,벨트,6,벨트,9,3,4,10,716,30,0,5,float_a,3,83,0x3d7b0
burning,벨트,6,벨트,9,3,4,11,461,13,0,3,float_a,2,83,0x3d7c8
burning,벨트,6,벨트,9,3,4,12,461,14,0,1,float_a,3,83,0x3d7e0
burning,벨트,6,벨트,9,3,4,13,719,43,0,10.5,float_a,2,83,0x3d7f8
burning,벨트,6,벨트,9,3,4,14,719,51,0,5,float_a,3,83,0x3d810
burning,벨트,6,벨트,9,3,4,15,464,10,0,3,float_a,1,83,0x3d828
burning,벨트,6,벨트,9,3,4,16,464,13,0,1,float_a,2,83,0x3d840
burning,장갑/팔찌,"2,5","장갑,팔찌",9,3,1,1,63,316,0,8.5,float_a,2,94,0x44ed4
burning,장갑/팔찌,"2,5","장갑,팔찌",9,3,1,2,67,316,0,8.5,float_a,2,94,0x44eec
burning,장갑/팔찌,"2,5","장갑,팔찌",9,3,1,3,66,316,0,8.5,float_a,2,94,0x44f04
burning,장갑/팔찌,"2,5","장갑,팔찌",9,3,1,4,64,316,0,8.5,float_a,2,94,0x44f1c
burning,장갑/팔찌,"2,5","장갑,팔찌",9,3,1,5,65,316,0,8.5,float_a,2,94,0x44f34
burning,장갑/팔찌,"2,5","장갑,팔찌",9,3,1,6,68,316,0,8.5,float_a,2,94,0x44f4c
burning,장갑/팔찌,"2,5","장갑,팔찌",9,3,1,7,69,316,0,8.5,float_a,2,94,0x44f64
burning,장갑/팔찌,"2,5","장갑,팔찌",9,3,1,8,327,158,0,3.5,float_a,2,94,0x44f7c
burning,장갑/팔찌,"2,5","장갑,팔찌",9,3,1,9,63,410,0,5,float_a,3,94,0x44f94
burning,장갑/팔찌,"2,5","장갑,팔찌",9,3,1,10,67,410,0,5,float_a,3,94,0x44fac
burning,장갑/팔찌,"2,5","장갑,팔찌",9,3,1,11,66,410,0,5,float_a,3,94,0x44fc4
burning,장갑/팔찌,"2,5","장갑,팔찌",9,3,1,12,64,410,0,5,float_a,3,94,0x44fdc
burning,장갑/팔찌,"2,5","장갑,팔찌",9,3,1,13,65,410,0,5,float_a,3,94,0x44ff4
burning,장갑/팔찌,"2,5","장갑,팔찌",9,3,1,14,68,410,0,5,float_a,3,94,0x4500c
burning,장갑/팔찌,"2,5","장갑,팔찌",9,3,1,15,69,410,0,5,float_a,3,94,0x45024
burning,장갑/팔찌,"2,5","장갑,팔찌",9,3,1,16,327,205,0,2,float_a,3,94,0x4503c
burning,장갑/팔찌,"2,5","장갑,팔찌",9,3,2,1,796,2,1,7,float_a,2,94,0x451bc
burning,장갑/팔찌,"2,5","장갑,팔찌",9,3,2,2,797,2,1,7,float_a,2,94,0x451d4
burning,장갑/팔찌,"2,5","장갑,팔찌",9,3,2,3,800,2,1,7,float_a,2,94,0x451ec
burning,장갑/팔찌,"2,5","장갑,팔찌",9,3,2,4,798,2,1,7,float_a,2,94,0x45204
burning,장갑/팔찌,"2,5","장갑,팔찌",9,3,2,5,799,2,1,7,float_a,2,94,0x4521c
burning,장갑/팔찌,"2,5","장갑,팔찌",9,3,2,6,801,2,1,7,float_a,2,94,0x45234
burning,장갑/팔찌,"2,5","장갑,팔찌",9,3,2,7,802,2,1,7,float_a,2,94,0x4524c
burning,장갑/팔찌,"2,5","장갑,팔찌",9,3,2,8,72,8,0,10.75,float_a,1,94,0x45264
burning,장갑/팔찌,"2,5","장갑,팔찌",9,3,2,9,72,9,0,5,float_a,2,94,0x4527c
burning,장갑/팔찌,"2,5","장갑,팔찌",9,3,2,10,460,72,0,10.75,float_a,1,94,0x45294
burning,장갑/팔찌,"2,5","장갑,팔찌",9,3,2,11,460,86,0,5,float_a,2,94,0x452ac
burning,장갑/팔찌,"2,5","장갑,팔찌",9,3,2,12,461,12,0,3,float_a,1,94,0x452c4
burning,장갑/팔찌,"2,5","장갑,팔찌",9,3,2,13,461,14,0,1.5,float_a,2,94,0x452dc
burning,장갑/팔찌,"2,5","장갑,팔찌",9,3,2,14,109,4,0,10,float_a,1,94,0x452f4
burning,장갑/팔찌,"2,5","장갑,팔찌",9,3,2,15,109,5,0,5,float_a,2,94,0x4530c
burning,장갑/팔찌,"2,5","장갑,팔찌",9,3,3,1,0,61,0,8,float_a,2,94,0x454a4
burning,장갑/팔찌,"2,5","장갑,팔찌",9,3,3,2,0,73,0,4,float_a,3,94,0x454bc
burning,장갑/팔찌,"2,5","장갑,팔찌",9,3,3,3,721,19,0,7,float_a,2,94,0x454d4
burning,장갑/팔찌,"2,5","장갑,팔찌",9,3,3,4,721,22,0,4,float_a,3,94,0x454ec
burning,장갑/팔찌,"2,5","장갑,팔찌",9,3,3,5,722,19,0,7,float_a,2,94,0x45504
burning,장갑/팔찌,"2,5","장갑,팔찌",9,3,3,6,722,22,0,4,float_a,3,94,0x4551c
burning,장갑/팔찌,"2,5","장갑,팔찌",9,3,3,7,461,9,0,3,float_a,2,94,0x45534
burning,장갑/팔찌,"2,5","장갑,팔찌",9,3,3,8,461,11,0,1.5,float_a,3,94,0x4554c
burning,장갑/팔찌,"2,5","장갑,팔찌",9,3,3,9,72,16,0,7,float_a,2,94,0x45564
burning,장갑/팔찌,"2,5","장갑,팔찌",9,3,3,10,72,19,0,4,float_a,3,94,0x4557c
burning,장갑/팔찌,"2,5","장갑,팔찌",9,3,3,11,110,8,0,7,float_a,2,94,0x45594
burning,장갑/팔찌,"2,5","장갑,팔찌",9,3,3,12,110,9,0,4,float_a,3,94,0x455ac
burning,장갑/팔찌,"2,5","장갑,팔찌",9,3,3,13,724,15,0,3,float_a,2,94,0x455c4
burning,장갑/팔찌,"2,5","장갑,팔찌",9,3,3,14,724,19,0,1.5,float_a,3,94,0x455dc
burning,장갑/팔찌,"2,5","장갑,팔찌",9,3,3,15,74,33,0,8,float_a,2,94,0x455f4
burning,장갑/팔찌,"2,5","장갑,팔찌",9,3,3,16,74,39,0,4,float_a,3,94,0x4560c
burning,장갑/팔찌,"2,5","장갑,팔찌",9,3,3,17,109,5,0,7,float_a,2,94,0x45624
burning,장갑/팔찌,"2,5","장갑,팔찌",9,3,3,18,109,6,0,4,float_a,3,94,0x4563c
burning,장갑/팔찌,"2,5","장갑,팔찌",9,3,3,19,463,25,0,8,float_a,2,94,0x45654
burning,장갑/팔찌,"2,5","장갑,팔찌",9,3,3,20,463,30,0,4,float_a,3,94,0x4566c
burning,장갑/팔찌,"2,5","장갑,팔찌",9,3,4,1,74,43,0,14.5,float_a,2,94,0x4578c
burning,장갑/팔찌,"2,5","장갑,팔찌",9,3,4,2,74,51,0,6,float_a,3,94,0x457a4
burning,장갑/팔찌,"2,5","장갑,팔찌",9,3,4,3,462,10,0,3,float_a,2,94,0x457bc
burning,장갑/팔찌,"2,5","장갑,팔찌",9,3,4,4,462,12,0,1.5,float_a,3,94,0x457d4
burning,장갑/팔찌,"2,5","장갑,팔찌",9,3,4,5,464,14,0,3,float_a,2,94,0x457ec
burning,장갑/팔찌,"2,5","장갑,팔찌",9,3,4,6,464,18,0,1.5,float_a,3,94,0x45804
burning,장갑/팔찌,"2,5","장갑,팔찌",9,3,4,7,461,14,0,3,float_a,2,94,0x4581c
burning,장갑/팔찌,"2,5","장갑,팔찌",9,3,4,8,461,18,0,1.5,float_a,3,94,0x45834
burning,장갑/팔찌,"2,5","장갑,팔찌",9,3,4,9,194,12,0,14.5,float_a,2,94,0x4584c
burning,장갑/팔찌,"2,5","장갑,팔찌",9,3,4,10,194,14,0,6,float_a,3,94,0x45864
burning,장갑/팔찌,"2,5","장갑,팔찌",9,3,4,11,723,9,0,3,float_a,2,94,0x4587c
burning,장갑/팔찌,"2,5","장갑,팔찌",9,3,4,12,723,10,0,1.5,float_a,3,94,0x45894
burning,장갑/팔찌,"2,5","장갑,팔찌",9,3,4,13,72,16,0,14.5,float_a,2,94,0x458ac
burning,장갑/팔찌,"2,5","장갑,팔찌",9,3,4,14,72,19,0,6,float_a,3,94,0x458c4
burning,장갑/팔찌,"2,5","장갑,팔찌",9,3,4,15,110,8,0,14.5,float_a,2,94,0x458dc
burning,장갑/팔찌,"2,5","장갑,팔찌",9,3,4,16,110,9,0,6,float_a,3,94,0x458f4
burning,부츠,7,부츠,9,3,1,1,63,360,0,7,float_a,2,105,0x4cf6c
burning,부츠,7,부츠,9,3,1,2,67,360,0,7,float_a,2,105,0x4cf84
burning,부츠,7,부츠,9,3,1,3,66,360,0,7,float_a,2,105,0x4cf9c
burning,부츠,7,부츠,9,3,1,4,64,360,0,7,float_a,2,105,0x4cfb4
burning,부츠,7,부츠,9,3,1,5,65,360,0,7,float_a,2,105,0x4cfcc
burning,부츠,7,부츠,9,3,1,6,68,360,0,7,float_a,2,105,0x4cfe4
burning,부츠,7,부츠,9,3,1,7,69,360,0,7,float_a,2,105,0x4cffc
burning,부츠,7,부츠,9,3,1,8,327,180,0,4,float_a,2,105,0x4d014
burning,부츠,7,부츠,9,3,1,9,63,468,0,5,float_a,3,105,0x4d02c
burning,부츠,7,부츠,9,3,1,10,67,468,0,5,float_a,3,105,0x4d044
burning,부츠,7,부츠,9,3,1,11,66,468,0,5,float_a,3,105,0x4d05c
burning,부츠,7,부츠,9,3,1,12,64,468,0,5,float_a,3,105,0x4d074
burning,부츠,7,부츠,9,3,1,13,65,468,0,5,float_a,3,105,0x4d08c
burning,부츠,7,부츠,9,3,1,14,68,468,0,5,float_a,3,105,0x4d0a4
burning,부츠,7,부츠,9,3,1,15,69,468,0,5,float_a,3,105,0x4d0bc
burning,부츠,7,부츠,9,3,1,16,327,234,0,2,float_a,3,105,0x4d0d4
burning,부츠,7,부츠,9,3,1,17,302,33,0,10,float_a,2,105,0x4d0ec
burning,부츠,7,부츠,9,3,2,1,796,2,1,6.5,float_a,2,105,0x4d254
burning,부츠,7,부츠,9,3,2,2,797,2,1,6.5,float_a,2,105,0x4d26c
burning,부츠,7,부츠,9,3,2,3,800,2,1,6.5,float_a,2,105,0x4d284
burning,부츠,7,부츠,9,3,2,4,798,2,1,6.5,float_a,2,105,0x4d29c
burning,부츠,7,부츠,9,3,2,5,799,2,1,6.5,float_a,2,105,0x4d2b4
burning,부츠,7,부츠,9,3,2,6,801,2,1,6.5,float_a,2,105,0x4d2cc
burning,부츠,7,부츠,9,3,2,7,802,2,1,6.5,float_a,2,105,0x4d2e4
burning,부츠,7,부츠,9,3,2,8,302,33,0,10,float_a,1,105,0x4d2fc
burning,부츠,7,부츠,9,3,2,9,302,39,0,5,float_a,2,105,0x4d314
burning,부츠,7,부츠,9,3,2,10,921,0,0,10,float_a,2,105,0x4d32c
burning,부츠,7,부츠,9,3,2,11,0,36,0,10,float_a,1,105,0x4d344
burning,부츠,7,부츠,9,3,2,12,0,43,0,5,float_a,2,105,0x4d35c
burning,부츠,7,부츠,9,3,2,13,109,2,0,9.5,float_a,1,105,0x4d374
burning,부츠,7,부츠,9,3,2,14,109,3,0,5,float_a,2,105,0x4d38c
burning,부츠,7,부츠,9,3,3,1,302,51,0,8,float_a,2,105,0x4d53c
burning,부츠,7,부츠,9,3,3,2,302,61,0,4,float_a,3,105,0x4d554
burning,부츠,7,부츠,9,3,3,3,717,33,0,8,float_a,2,105,0x4d56c
burning,부츠,7,부츠,9,3,3,4,717,39,0,4,float_a,3,105,0x4d584
burning,부츠,7,부츠,9,3,3,5,109,4,0,8,float_a,2,105,0x4d59c
burning,부츠,7,부츠,9,3,3,6,109,5,0,4,float_a,3,105,0x4d5b4
burning,부츠,7,부츠,9,3,3,7,460,72,0,8,float_a,2,105,0x4d5cc
burning,부츠,7,부츠,9,3,3,8,460,86,0,4,float_a,3,105,0x4d5e4
burning,부츠,7,부츠,9,3,3,9,201,51,0,8,float_a,2,105,0x4d5fc
burning,부츠,7,부츠,9,3,3,10,201,61,0,4,float_a,3,105,0x4d614
burning,부츠,7,부츠,9,3,3,11,327,184,0,5,float_a,2,105,0x4d62c
burning,부츠,7,부츠,9,3,3,12,63,369,0,5,float_a,2,105,0x4d644
burning,부츠,7,부츠,9,3,3,13,67,369,0,5,float_a,2,105,0x4d65c
burning,부츠,7,부츠,9,3,3,14,66,369,0,5,float_a,2,105,0x4d674
burning,부츠,7,부츠,9,3,3,15,64,369,0,5,float_a,2,105,0x4d68c
burning,부츠,7,부츠,9,3,3,16,65,369,0,5,float_a,2,105,0x4d6a4
burning,부츠,7,부츠,9,3,3,17,68,369,0,5,float_a,2,105,0x4d6bc
burning,부츠,7,부츠,9,3,3,18,69,369,0,5,float_a,2,105,0x4d6d4
burning,부츠,7,부츠,9,3,4,1,74,16,0,7,float_a,2,105,0x4d824
burning,부츠,7,부츠,9,3,4,2,74,19,0,4,float_a,3,105,0x4d83c
burning,부츠,7,부츠,9,3,4,3,695,36,0,7,float_a,2,105,0x4d854
burning,부츠,7,부츠,9,3,4,4,695,43,0,4,float_a,3,105,0x4d86c
burning,부츠,7,부츠,9,3,4,5,109,9,0,7,float_a,2,105,0x4d884
burning,부츠,7,부츠,9,3,4,6,109,10,0,4,float_a,3,105,0x4d89c
burning,부츠,7,부츠,9,3,4,7,464,14,0,3,float_a,2,105,0x4d8b4
burning,부츠,7,부츠,9,3,4,8,464,15,0,1.5,float_a,3,105,0x4d8cc
burning,부츠,7,부츠,9,3,4,9,302,65,0,7.5,float_a,2,105,0x4d8e4
burning,부츠,7,부츠,9,3,4,10,716,39,0,7,float_a,2,105,0x4d8fc
burning,부츠,7,부츠,9,3,4,11,327,221,0,6,float_a,2,105,0x4d914
burning,부츠,7,부츠,9,3,4,12,63,442,0,6,float_a,2,105,0x4d92c
burning,부츠,7,부츠,9,3,4,13,67,442,0,6,float_a,2,105,0x4d944
burning,부츠,7,부츠,9,3,4,14,66,442,0,6,float_a,2,105,0x4d95c
burning,부츠,7,부츠,9,3,4,15,64,442,0,6,float_a,2,105,0x4d974
burning,부츠,7,부츠,9,3,4,16,65,442,0,6,float_a,2,105,0x4d98c
burning,부츠,7,부츠,9,3,4,17,68,442,0,6,float_a,2,105,0x4d9a4
burning,부츠,7,부츠,9,3,4,18,69,442,0,6,float_a,2,105,0x4d9bc
burning,목걸이,8,목걸이,9,3,1,1,63,288,0,8.5,float_a,2,116,0x54ffc
burning,목걸이,8,목걸이,9,3,1,2,67,288,0,8.5,float_a,2,116,0x55014
burning,목걸이,8,목걸이,9,3,1,3,66,288,0,8.5,float_a,2,116,0x5502c
burning,목걸이,8,목걸이,9,3,1,4,64,288,0,8.5,float_a,2,116,0x55044
burning,목걸이,8,목걸이,9,3,1,5,65,288,0,8.5,float_a,2,116,0x5505c
burning,목걸이,8,목걸이,9,3,1,6,68,288,0,8.5,float_a,2,116,0x55074
burning,목걸이,8,목걸이,9,3,1,7,69,288,0,8.5,float_a,2,116,0x5508c
burning,목걸이,8,목걸이,9,3,1,8,327,144,0,3.5,float_a,2,116,0x550a4
burning,목걸이,8,목걸이,9,3,1,9,63,374,0,5,float_a,3,116,0x550bc
burning,목걸이,8,목걸이,9,3,1,10,67,374,0,5,float_a,3,116,0x550d4
burning,목걸이,8,목걸이,9,3,1,11,66,374,0,5,float_a,3,116,0x550ec
burning,목걸이,8,목걸이,9,3,1,12,64,374,0,5,float_a,3,116,0x55104
burning,목걸이,8,목걸이,9,3,1,13,65,374,0,5,float_a,3,116,0x5511c
burning,목걸이,8,목걸이,9,3,1,14,68,374,0,5,float_a,3,116,0x55134
burning,목걸이,8,목걸이,9,3,1,15,69,374,0,5,float_a,3,116,0x5514c
burning,목걸이,8,목걸이,9,3,1,16,327,187,0,2,float_a,3,116,0x55164
burning,목걸이,8,목걸이,9,3,2,1,796,2,1,6,float_a,2,116,0x552e4
burning,목걸이,8,목걸이,9,3,2,2,797,2,1,6,float_a,2,116,0x552fc
burning,목걸이,8,목걸이,9,3,2,3,800,2,1,6,float_a,2,116,0x55314
burning,목걸이,8,목걸이,9,3,2,4,798,2,1,6,float_a,2,116,0x5532c
burning,목걸이,8,목걸이,9,3,2,5,799,2,1,6,float_a,2,116,0x55344
burning,목걸이,8,목걸이,9,3,2,6,801,2,1,6,float_a,2,116,0x5535c
burning,목걸이,8,목걸이,9,3,2,7,802,2,1,6,float_a,2,116,0x55374
burning,목걸이,8,목걸이,9,3,2,8,110,12,0,14,float_a,1,116,0x5538c
burning,목걸이,8,목걸이,9,3,2,9,110,14,0,7,float_a,2,116,0x553a4
burning,목걸이,8,목걸이,9,3,2,10,72,7,0,14,float_a,1,116,0x553bc
burning,목걸이,8,목걸이,9,3,2,11,72,8,0,14,float_a,2,116,0x553d4
burning,목걸이,8,목걸이,9,3,2,12,78,56,0,7,float_a,1,116,0x553ec
burning,목걸이,8,목걸이,9,3,2,13,682,10,0,1,float_a,1,116,0x55404
burning,목걸이,8,목걸이,9,3,2,14,724,10,0,1,float_a,1,116,0x5541c
burning,목걸이,8,목걸이,9,3,3,1,78,68,0,14,float_a,2,116,0x555cc
burning,목걸이,8,목걸이,9,3,3,2,78,81,0,7,float_a,3,116,0x555e4
burning,목걸이,8,목걸이,9,3,3,3,110,16,0,14,float_a,2,116,0x555fc
burning,목걸이,8,목걸이,9,3,3,4,110,19,0,7,float_a,3,116,0x55614
burning,목걸이,8,목걸이,9,3,3,5,673,518,0,14,float_a,2,116,0x5562c
burning,목걸이,8,목걸이,9,3,3,6,673,621,0,7,float_a,3,116,0x55644
burning,목걸이,8,목걸이,9,3,3,7,682,9,0,3,float_a,2,116,0x5565c
burning,목걸이,8,목걸이,9,3,3,8,682,10,0,1.5,float_a,3,116,0x55674
burning,목걸이,8,목걸이,9,3,3,9,789,14,0,3,float_a,2,116,0x5568c
burning,목걸이,8,목걸이,9,3,3,10,789,15,0,1.5,float_a,3,116,0x556a4
burning,목걸이,8,목걸이,9,3,3,11,724,13,0,3,float_a,2,116,0x556bc
burning,목걸이,8,목걸이,9,3,3,12,724,14,0,1.5,float_a,3,116,0x556d4
burning,목걸이,8,목걸이,9,3,3,13,72,14,0,14,float_a,2,116,0x556ec
burning,목걸이,8,목걸이,9,3,3,14,72,16,0,7,float_a,3,116,0x55704
burning,목걸이,8,목걸이,9,3,3,15,704,1,0,1.25,float_a,1,116,0x5571c
burning,목걸이,8,목걸이,9,3,3,16,706,2,0,1.25,float_a,1,116,0x55734
burning,목걸이,8,목걸이,9,3,4,1,110,14,0,10.25,float_a,2,116,0x558b4
burning,목걸이,8,목걸이,9,3,4,2,110,16,0,5,float_a,3,116,0x558cc
burning,목걸이,8,목걸이,9,3,4,3,724,13,0,10.5,float_a,2,116,0x558e4
burning,목걸이,8,목걸이,9,3,4,4,724,14,0,5,float_a,3,116,0x558fc
burning,목걸이,8,목걸이,9,3,4,5,109,7,0,10.25,float_a,2,116,0x55914
burning,목걸이,8,목걸이,9,3,4,6,109,8,0,5,float_a,3,116,0x5592c
burning,목걸이,8,목걸이,9,3,4,7,716,19,0,10.5,float_a,2,116,0x55944
burning,목걸이,8,목걸이,9,3,4,8,716,22,0,5,float_a,3,116,0x5595c
burning,목걸이,8,목걸이,9,3,4,9,727,6,0,3,float_a,2,116,0x55974
burning,목걸이,8,목걸이,9,3,4,10,727,7,0,1.5,float_a,3,116,0x5598c
burning,목걸이,8,목걸이,9,3,4,11,869,25,0,10.5,float_a,1,116,0x559a4
burning,목걸이,8,목걸이,9,3,4,12,869,30,0,5,float_a,2,116,0x559bc
burning,목걸이,8,목걸이,9,3,4,13,682,13,0,10.5,float_a,2,116,0x559d4
burning,목걸이,8,목걸이,9,3,4,14,682,14,0,5,float_a,3,116,0x559ec
burning,목걸이,8,목걸이,9,3,4,15,704,1,0,1.5,float_a,1,116,0x55a04
burning,목걸이,8,목걸이,9,3,4,16,706,2,0,1.5,float_a,1,116,0x55a1c
